#
# There is insufficient memory for the Java Runtime Environment to continue.
# Native memory allocation (malloc) failed to allocate 443056 bytes. Error detail: Chunk::new
# Possible reasons:
#   The system is out of physical RAM or swap space
#   This process is running with CompressedOops enabled, and the Java Heap may be blocking the growth of the native heap
# Possible solutions:
#   Reduce memory load on the system
#   Increase physical memory or swap space
#   Check if swap backing store is full
#   Decrease Java heap size (-Xmx/-Xms)
#   Decrease number of Java threads
#   Decrease Java thread stack sizes (-Xss)
#   Set larger code cache with -XX:ReservedCodeCacheSize=
#   JVM is running with Unscaled Compressed Oops mode in which the Java heap is
#     placed in the first 4GB address space. The Java Heap base address is the
#     maximum limit for the native heap growth. Please use -XX:HeapBaseMinAddress
#     to set the Java Heap base and to place the Java Heap above 4GB virtual address.
# This output file may be truncated or incomplete.
#
#  Out of Memory Error (arena.cpp:168), pid=52372, tid=53448
#
# JRE version: OpenJDK Runtime Environment (21.0.10) (build 21.0.10+-14961533-b1163.108)
# Java VM: OpenJDK 64-Bit Server VM (21.0.10+-14961533-b1163.108, mixed mode, tiered, compressed oops, compressed class ptrs, g1 gc, windows-amd64)
# No core dump will be written. Minidumps are not enabled by default on client versions of Windows
#

---------------  S U M M A R Y ------------

Command Line: --add-opens=java.base/java.lang=ALL-UNNAMED --add-opens=java.base/java.lang.invoke=ALL-UNNAMED --add-opens=java.base/java.util=ALL-UNNAMED --add-opens=java.prefs/java.util.prefs=ALL-UNNAMED --add-exports=jdk.compiler/com.sun.tools.javac.api=ALL-UNNAMED --add-exports=jdk.compiler/com.sun.tools.javac.util=ALL-UNNAMED --add-opens=java.base/java.util=ALL-UNNAMED --add-opens=java.prefs/java.util.prefs=ALL-UNNAMED --add-opens=java.base/java.nio.charset=ALL-UNNAMED --add-opens=java.base/java.net=ALL-UNNAMED --add-opens=java.base/java.util.concurrent=ALL-UNNAMED --add-opens=java.base/java.util.concurrent.atomic=ALL-UNNAMED --add-opens=java.xml/javax.xml.namespace=ALL-UNNAMED --add-opens=java.base/java.time=ALL-UNNAMED -Xmx2048m -Dfile.encoding=UTF-8 -Duser.country=US -Duser.language=en -Duser.variant -javaagent:C:\Users\GeneralUser\.gradle\wrapper\dists\gradle-9.4.1-bin\arn2x92ynaizyzdaamcbpbhtj\gradle-9.4.1\lib\agents\gradle-instrumentation-agent-9.4.1.jar org.gradle.launcher.daemon.bootstrap.GradleDaemon 9.4.1

Host: Intel(R) Xeon(R) w3-2423, 12 cores, 31G,  Windows 11 , 64 bit Build 26100 (10.0.26100.8246)
Time: Thu Apr 30 14:38:50 2026 E. South America Standard Time elapsed time: 13.129991 seconds (0d 0h 0m 13s)

---------------  T H R E A D  ---------------

Current thread (0x00000253ef2a3260):  JavaThread "C2 CompilerThread1" daemon [_thread_in_native, id=53448, stack(0x000000e2e6600000,0x000000e2e6700000) (1024K)]


Current CompileTask:
C2:13130 14375       4       com.android.tools.r8.graph.m9::<init> (282 bytes)

Stack: [0x000000e2e6600000,0x000000e2e6700000]
Native frames: (J=compiled Java code, j=interpreted, Vv=VM code, C=native code)
V  [jvm.dll+0x6d78a9]
V  [jvm.dll+0x8665b3]
V  [jvm.dll+0x868bde]
V  [jvm.dll+0x8692c3]
V  [jvm.dll+0x280ee6]
V  [jvm.dll+0xc07cd]
V  [jvm.dll+0xc0d03]
V  [jvm.dll+0x2f6170]
V  [jvm.dll+0x6003e9]
V  [jvm.dll+0x252ce2]
V  [jvm.dll+0x25309f]
V  [jvm.dll+0x24b845]
V  [jvm.dll+0x24909e]
V  [jvm.dll+0x1c76e4]
V  [jvm.dll+0x25891e]
V  [jvm.dll+0x256e66]
V  [jvm.dll+0x3f513e]
V  [jvm.dll+0x80fd28]
V  [jvm.dll+0x6d60fd]
C  [ucrtbase.dll+0x37b0]
C  [KERNEL32.DLL+0x2e8d7]
C  [ntdll.dll+0x8c3fc]


---------------  P R O C E S S  ---------------

Threads class SMR info:
_java_thread_list=0x00000253f40875d0, length=70, elements={
0x00000253d2b49c00, 0x00000253ea88bb10, 0x00000253ea8a0d30, 0x00000253ea8a2300,
0x00000253ea8b6160, 0x00000253ea88f0f0, 0x00000253ea8c77b0, 0x00000253ea8c8990,
0x00000253ea8ce700, 0x00000253ea8f23f0, 0x00000253ef1296d0, 0x00000253ef2a3260,
0x00000253f21f0320, 0x00000253f1bc5070, 0x00000253f1d52900, 0x00000253f23bd630,
0x00000253f1bbd050, 0x00000253f1a8a290, 0x00000253f0841a70, 0x00000253f08406c0,
0x00000253f08413e0, 0x00000253f0840030, 0x00000253f0842100, 0x00000253f0842790,
0x00000253f083f9a0, 0x00000253f1e58440, 0x00000253f1e58ad0, 0x00000253f1e5b230,
0x00000253f1e5bf50, 0x00000253f1e5cc70, 0x00000253f1e5b8c0, 0x00000253f1e5c5e0,
0x00000253f1e5d300, 0x00000253f1e5a510, 0x00000253f1e5e020, 0x00000253f1e5aba0,
0x00000253f1e5e6b0, 0x00000253f1e5f3d0, 0x00000253f1e5fa60, 0x00000253f47d72f0,
0x00000253f47d6c60, 0x00000253f47d7980, 0x00000253f47d65d0, 0x00000253f47d8010,
0x00000253f47d86a0, 0x00000253f47d5f40, 0x00000253f47d93c0, 0x00000253f224ffb0,
0x00000253ef5fba30, 0x00000253ef5fc0c0, 0x00000253f8013590, 0x00000253f8015660,
0x00000253f8016380, 0x00000253f8014fd0, 0x00000253f8015cf0, 0x00000253f8013c20,
0x00000253f8016a10, 0x00000253f80142b0, 0x00000253f8014940, 0x00000253f6163520,
0x00000253f61600a0, 0x00000253f6163bb0, 0x00000253f6162170, 0x00000253f6162800,
0x00000253f6164f60, 0x00000253f6161ae0, 0x00000253f6166310, 0x00000253f6636560,
0x00000253f66330e0, 0x00000253f6634b20
}

Java Threads: ( => current thread )
  0x00000253d2b49c00 JavaThread "main"                              [_thread_blocked, id=50328, stack(0x000000e2e5400000,0x000000e2e5500000) (1024K)]
  0x00000253ea88bb10 JavaThread "Common-Cleaner"             daemon [_thread_blocked, id=52220, stack(0x000000e2e5c00000,0x000000e2e5d00000) (1024K)]
  0x00000253ea8a0d30 JavaThread "Reference Handler"          daemon [_thread_blocked, id=3100, stack(0x000000e2e5d00000,0x000000e2e5e00000) (1024K)]
  0x00000253ea8a2300 JavaThread "Finalizer"                  daemon [_thread_blocked, id=49768, stack(0x000000e2e5e00000,0x000000e2e5f00000) (1024K)]
  0x00000253ea8b6160 JavaThread "Signal Dispatcher"          daemon [_thread_blocked, id=45676, stack(0x000000e2e5f00000,0x000000e2e6000000) (1024K)]
  0x00000253ea88f0f0 JavaThread "Attach Listener"            daemon [_thread_blocked, id=48988, stack(0x000000e2e6000000,0x000000e2e6100000) (1024K)]
  0x00000253ea8c77b0 JavaThread "Service Thread"             daemon [_thread_in_vm, id=37376, stack(0x000000e2e6100000,0x000000e2e6200000) (1024K)]
  0x00000253ea8c8990 JavaThread "Monitor Deflation Thread"   daemon [_thread_blocked, id=50984, stack(0x000000e2e6200000,0x000000e2e6300000) (1024K)]
  0x00000253ea8ce700 JavaThread "C2 CompilerThread0"         daemon [_thread_in_native, id=38312, stack(0x000000e2e6300000,0x000000e2e6400000) (1024K)]
  0x00000253ea8f23f0 JavaThread "C1 CompilerThread0"         daemon [_thread_in_vm, id=51704, stack(0x000000e2e6400000,0x000000e2e6500000) (1024K)]
  0x00000253ef1296d0 JavaThread "Notification Thread"        daemon [_thread_blocked, id=52136, stack(0x000000e2e6500000,0x000000e2e6600000) (1024K)]
=>0x00000253ef2a3260 JavaThread "C2 CompilerThread1"         daemon [_thread_in_native, id=53448, stack(0x000000e2e6600000,0x000000e2e6700000) (1024K)]
  0x00000253f21f0320 JavaThread "Daemon health stats"               [_thread_blocked, id=26172, stack(0x000000e2e7100000,0x000000e2e7200000) (1024K)]
  0x00000253f1bc5070 JavaThread "Incoming local TCP Connector on port 62474"        [_thread_in_native, id=3800, stack(0x000000e2e7200000,0x000000e2e7300000) (1024K)]
  0x00000253f1d52900 JavaThread "Daemon periodic checks"            [_thread_blocked, id=34600, stack(0x000000e2e7300000,0x000000e2e7400000) (1024K)]
  0x00000253f23bd630 JavaThread "Daemon"                            [_thread_blocked, id=32104, stack(0x000000e2e7400000,0x000000e2e7500000) (1024K)]
  0x00000253f1bbd050 JavaThread "Handler for socket connection from /127.0.0.1:62474 to /127.0.0.1:62475"        [_thread_in_native, id=51880, stack(0x000000e2e7500000,0x000000e2e7600000) (1024K)]
  0x00000253f1a8a290 JavaThread "Cancel handler"                    [_thread_blocked, id=49828, stack(0x000000e2e7600000,0x000000e2e7700000) (1024K)]
  0x00000253f0841a70 JavaThread "Daemon worker"                     [_thread_blocked, id=18352, stack(0x000000e2e7700000,0x000000e2e7800000) (1024K)]
  0x00000253f08406c0 JavaThread "Asynchronous log dispatcher for DefaultDaemonConnection: socket connection from /127.0.0.1:62474 to /127.0.0.1:62475"        [_thread_blocked, id=48784, stack(0x000000e2e7a00000,0x000000e2e7b00000) (1024K)]
  0x00000253f08413e0 JavaThread "Stdin handler"                     [_thread_blocked, id=384, stack(0x000000e2e7b00000,0x000000e2e7c00000) (1024K)]
  0x00000253f0840030 JavaThread "Daemon client event forwarder"        [_thread_blocked, id=51452, stack(0x000000e2e7c00000,0x000000e2e7d00000) (1024K)]
  0x00000253f0842100 JavaThread "Cache worker for journal cache (C:\Users\GeneralUser\.gradle\caches\journal-1)"        [_thread_blocked, id=45816, stack(0x000000e2e7d00000,0x000000e2e7e00000) (1024K)]
  0x00000253f0842790 JavaThread "File lock request listener"        [_thread_in_native, id=41504, stack(0x000000e2e7e00000,0x000000e2e7f00000) (1024K)]
  0x00000253f083f9a0 JavaThread "Cache worker for file hash cache (C:\Users\GeneralUser\.gradle\caches\9.4.1\fileHashes)"        [_thread_blocked, id=53312, stack(0x000000e2e7f00000,0x000000e2e8000000) (1024K)]
  0x00000253f1e58440 JavaThread "Cache worker for file hash cache (C:\Users\GeneralUser\AndroidStudioProjects\Calib3D_ORBTrack\.gradle\9.4.1\fileHashes)"        [_thread_blocked, id=54448, stack(0x000000e2e8000000,0x000000e2e8100000) (1024K)]
  0x00000253f1e58ad0 JavaThread "Cache worker for Build Output Cleanup Cache (C:\Users\GeneralUser\AndroidStudioProjects\Calib3D_ORBTrack\.gradle\buildOutputCleanup)"        [_thread_blocked, id=5456, stack(0x000000e2e8100000,0x000000e2e8200000) (1024K)]
  0x00000253f1e5b230 JavaThread "File watcher server"        daemon [_thread_in_native, id=48496, stack(0x000000e2e8200000,0x000000e2e8300000) (1024K)]
  0x00000253f1e5bf50 JavaThread "File watcher consumer"      daemon [_thread_blocked, id=43640, stack(0x000000e2e8300000,0x000000e2e8400000) (1024K)]
  0x00000253f1e5cc70 JavaThread "Cache worker for file content cache (C:\Users\GeneralUser\.gradle\caches\9.4.1\fileContent)"        [_thread_blocked, id=44716, stack(0x000000e2e8400000,0x000000e2e8500000) (1024K)]
  0x00000253f1e5b8c0 JavaThread "Cache worker for checksums cache (C:\Users\GeneralUser\AndroidStudioProjects\Calib3D_ORBTrack\.gradle\9.4.1\checksums)"        [_thread_blocked, id=45584, stack(0x000000e2e8500000,0x000000e2e8600000) (1024K)]
  0x00000253f1e5c5e0 JavaThread "Cache worker for cache directory md-supplier (C:\Users\GeneralUser\.gradle\caches\9.4.1\md-supplier)"        [_thread_blocked, id=5676, stack(0x000000e2e8600000,0x000000e2e8700000) (1024K)]
  0x00000253f1e5d300 JavaThread "Cache worker for cache directory md-rule (C:\Users\GeneralUser\.gradle\caches\9.4.1\md-rule)"        [_thread_blocked, id=52264, stack(0x000000e2e8700000,0x000000e2e8800000) (1024K)]
  0x00000253f1e5a510 JavaThread "Build operations"                  [_thread_in_Java, id=37012, stack(0x000000e2e8800000,0x000000e2e8900000) (1024K)]
  0x00000253f1e5e020 JavaThread "Build operations Thread 2"         [_thread_in_Java, id=49108, stack(0x000000e2e8900000,0x000000e2e8a00000) (1024K)]
  0x00000253f1e5aba0 JavaThread "Build operations Thread 3"         [_thread_in_Java, id=38688, stack(0x000000e2e8a00000,0x000000e2e8b00000) (1024K)]
  0x00000253f1e5e6b0 JavaThread "Build operations Thread 4"         [_thread_blocked, id=4328, stack(0x000000e2e8b00000,0x000000e2e8c00000) (1024K)]
  0x00000253f1e5f3d0 JavaThread "Build operations Thread 5"         [_thread_in_Java, id=45620, stack(0x000000e2e8c00000,0x000000e2e8d00000) (1024K)]
  0x00000253f1e5fa60 JavaThread "Build operations Thread 6"         [_thread_blocked, id=52496, stack(0x000000e2e8d00000,0x000000e2e8e00000) (1024K)]
  0x00000253f47d72f0 JavaThread "Build operations Thread 7"         [_thread_in_Java, id=35260, stack(0x000000e2e8e00000,0x000000e2e8f00000) (1024K)]
  0x00000253f47d6c60 JavaThread "Build operations Thread 8"         [_thread_in_vm, id=50520, stack(0x000000e2e8f00000,0x000000e2e9000000) (1024K)]
  0x00000253f47d7980 JavaThread "Build operations Thread 9"         [_thread_blocked, id=54968, stack(0x000000e2e9000000,0x000000e2e9100000) (1024K)]
  0x00000253f47d65d0 JavaThread "Build operations Thread 10"        [_thread_blocked, id=47480, stack(0x000000e2e9100000,0x000000e2e9200000) (1024K)]
  0x00000253f47d8010 JavaThread "Build operations Thread 11"        [_thread_blocked, id=41324, stack(0x000000e2e9200000,0x000000e2e9300000) (1024K)]
  0x00000253f47d86a0 JavaThread "Build operations Thread 12"        [_thread_blocked, id=48108, stack(0x000000e2e9300000,0x000000e2e9400000) (1024K)]
  0x00000253f47d5f40 JavaThread "Memory manager"                    [_thread_blocked, id=50652, stack(0x000000e2e9400000,0x000000e2e9500000) (1024K)]
  0x00000253f47d93c0 JavaThread "build event listener"              [_thread_blocked, id=49452, stack(0x000000e2e9500000,0x000000e2e9600000) (1024K)]
  0x00000253f224ffb0 JavaThread "C2 CompilerThread2"         daemon [_thread_in_native, id=43268, stack(0x000000e2e6700000,0x000000e2e6800000) (1024K)]
  0x00000253ef5fba30 JavaThread "pool-3-thread-1"                   [_thread_blocked, id=51780, stack(0x000000e2e9600000,0x000000e2e9700000) (1024K)]
  0x00000253ef5fc0c0 JavaThread "build event listener"              [_thread_blocked, id=51128, stack(0x000000e2e9700000,0x000000e2e9800000) (1024K)]
  0x00000253f8013590 JavaThread "included builds"                   [_thread_blocked, id=33996, stack(0x000000e2e9800000,0x000000e2e9900000) (1024K)]
  0x00000253f8015660 JavaThread "Execution worker"                  [_thread_blocked, id=39868, stack(0x000000e2e9900000,0x000000e2e9a00000) (1024K)]
  0x00000253f8016380 JavaThread "Execution worker Thread 2"         [_thread_blocked, id=45152, stack(0x000000e2e9a00000,0x000000e2e9b00000) (1024K)]
  0x00000253f8014fd0 JavaThread "Execution worker Thread 3"         [_thread_blocked, id=33828, stack(0x000000e2e9b00000,0x000000e2e9c00000) (1024K)]
  0x00000253f8015cf0 JavaThread "Execution worker Thread 4"         [_thread_in_Java, id=48644, stack(0x000000e2e9c00000,0x000000e2e9d00000) (1024K)]
  0x00000253f8013c20 JavaThread "Execution worker Thread 5"         [_thread_blocked, id=51244, stack(0x000000e2e9d00000,0x000000e2e9e00000) (1024K)]
  0x00000253f8016a10 JavaThread "Execution worker Thread 6"         [_thread_blocked, id=42232, stack(0x000000e2e9e00000,0x000000e2e9f00000) (1024K)]
  0x00000253f80142b0 JavaThread "Execution worker Thread 7"         [_thread_blocked, id=47860, stack(0x000000e2e9f00000,0x000000e2ea000000) (1024K)]
  0x00000253f8014940 JavaThread "Execution worker Thread 8"         [_thread_blocked, id=49824, stack(0x000000e2ea000000,0x000000e2ea100000) (1024K)]
  0x00000253f6163520 JavaThread "Execution worker Thread 9"         [_thread_blocked, id=32088, stack(0x000000e2ea100000,0x000000e2ea200000) (1024K)]
  0x00000253f61600a0 JavaThread "Execution worker Thread 10"        [_thread_blocked, id=19272, stack(0x000000e2ea200000,0x000000e2ea300000) (1024K)]
  0x00000253f6163bb0 JavaThread "Execution worker Thread 11"        [_thread_blocked, id=21848, stack(0x000000e2ea300000,0x000000e2ea400000) (1024K)]
  0x00000253f6162170 JavaThread "Cache worker for execution history cache (C:\Users\GeneralUser\AndroidStudioProjects\Calib3D_ORBTrack\.gradle\9.4.1\executionHistory)"        [_thread_blocked, id=36616, stack(0x000000e2ea400000,0x000000e2ea500000) (1024K)]
  0x00000253f6162800 JavaThread "WorkerExecutor Queue"              [_thread_in_native, id=32272, stack(0x000000e2ea500000,0x000000e2ea600000) (1024K)]
  0x00000253f6164f60 JavaThread "RMI Scheduler(0)"           daemon [_thread_blocked, id=2516, stack(0x000000e2ea600000,0x000000e2ea700000) (1024K)]
  0x00000253f6161ae0 JavaThread "RMI RenewClean-[127.0.0.1:17959,org.jetbrains.kotlin.daemon.common.LoopbackNetworkInterface$ClientLoopbackSocketFactory@7666cce9]" daemon [_thread_blocked, id=43028, stack(0x000000e2ea700000,0x000000e2ea800000) (1024K)]
  0x00000253f6166310 JavaThread "RMI GC Daemon"              daemon [_thread_blocked, id=32968, stack(0x000000e2ea800000,0x000000e2ea900000) (1024K)]
  0x00000253f6636560 JavaThread "RMI TCP Accept-0"           daemon [_thread_in_native, id=46476, stack(0x000000e2ea900000,0x000000e2eaa00000) (1024K)]
  0x00000253f66330e0 JavaThread "RMI Reaper"                        [_thread_blocked, id=45264, stack(0x000000e2eaa00000,0x000000e2eab00000) (1024K)]
  0x00000253f6634b20 JavaThread "RMI TCP Connection(1)-127.0.0.1" daemon [_thread_in_native, id=45024, stack(0x000000e2eab00000,0x000000e2eac00000) (1024K)]
Total: 70

Other Threads:
  0x00000253ea7f6f10 VMThread "VM Thread"                           [id=52944, stack(0x000000e2e5b00000,0x000000e2e5c00000) (1024K)]
  0x00000253ea7dbc00 WatcherThread "VM Periodic Task Thread"        [id=34012, stack(0x000000e2e5a00000,0x000000e2e5b00000) (1024K)]
  0x00000253d2ba34f0 WorkerThread "GC Thread#0"                     [id=43648, stack(0x000000e2e5500000,0x000000e2e5600000) (1024K)]
  0x00000253ef64f400 WorkerThread "GC Thread#1"                     [id=49912, stack(0x000000e2e6800000,0x000000e2e6900000) (1024K)]
  0x00000253ef64f7b0 WorkerThread "GC Thread#2"                     [id=43588, stack(0x000000e2e6900000,0x000000e2e6a00000) (1024K)]
  0x00000253ef64fb60 WorkerThread "GC Thread#3"                     [id=42144, stack(0x000000e2e6a00000,0x000000e2e6b00000) (1024K)]
  0x00000253ef64ff10 WorkerThread "GC Thread#4"                     [id=53664, stack(0x000000e2e6b00000,0x000000e2e6c00000) (1024K)]
  0x00000253f025a050 WorkerThread "GC Thread#5"                     [id=27788, stack(0x000000e2e6c00000,0x000000e2e6d00000) (1024K)]
  0x00000253f025a400 WorkerThread "GC Thread#6"                     [id=54676, stack(0x000000e2e6d00000,0x000000e2e6e00000) (1024K)]
  0x00000253f025a7b0 WorkerThread "GC Thread#7"                     [id=26576, stack(0x000000e2e6e00000,0x000000e2e6f00000) (1024K)]
  0x00000253f025ab60 WorkerThread "GC Thread#8"                     [id=41932, stack(0x000000e2e6f00000,0x000000e2e7000000) (1024K)]
  0x00000253ef880930 WorkerThread "GC Thread#9"                     [id=47048, stack(0x000000e2e7000000,0x000000e2e7100000) (1024K)]
  0x00000253d2bb43f0 ConcurrentGCThread "G1 Main Marker"            [id=41856, stack(0x000000e2e5600000,0x000000e2e5700000) (1024K)]
  0x00000253d2bb5c50 WorkerThread "G1 Conc#0"                       [id=43872, stack(0x000000e2e5700000,0x000000e2e5800000) (1024K)]
  0x00000253f1233810 WorkerThread "G1 Conc#1"                       [id=54308, stack(0x000000e2e7800000,0x000000e2e7900000) (1024K)]
  0x00000253f1233bc0 WorkerThread "G1 Conc#2"                       [id=46816, stack(0x000000e2e7900000,0x000000e2e7a00000) (1024K)]
  0x00000253ea680460 ConcurrentGCThread "G1 Refine#0"               [id=50972, stack(0x000000e2e5800000,0x000000e2e5900000) (1024K)]
  0x00000253ea680c90 ConcurrentGCThread "G1 Service"                [id=54164, stack(0x000000e2e5900000,0x000000e2e5a00000) (1024K)]
Total: 18

Threads with active compile tasks:
C2 CompilerThread0  13172 14322       4       com.android.tools.r8.internal.nv::a (4509 bytes)
C1 CompilerThread0  13172 14521 %     3       com.android.tools.r8.internal.nv::a @ 3598 (6696 bytes)
C2 CompilerThread1  13172 14375       4       com.android.tools.r8.graph.m9::<init> (282 bytes)
C2 CompilerThread2  13173 14336   !   4       com.android.tools.r8.graph.m9::c (823 bytes)
Total: 4

VM state: not at safepoint (normal execution)

VM Mutex/Monitor currently owned by a thread: None

Heap address: 0x0000000080000000, size: 2048 MB, Compressed Oops mode: 32-bit

CDS archive(s) not mapped
Compressed class space mapped at: 0x0000000100000000-0x0000000140000000, reserved size: 1073741824
Narrow klass base: 0x0000000000000000, Narrow klass shift: 3, Narrow klass range: 0x140000000

GC Precious Log:
 CardTable entry size: 512
 Card Set container configuration: InlinePtr #cards 5 size 8 Array Of Cards #cards 12 size 40 Howl #buckets 4 coarsen threshold 1843 Howl Bitmap #cards 512 size 80 coarsen threshold 460 Card regions per heap region 1 cards per card region 2048
 CPUs: 12 total, 12 available
 Memory: 32000M
 Large Page Support: Disabled
 NUMA Support: Disabled
 Compressed Oops: Enabled (32-bit)
 Heap Region Size: 1M
 Heap Min Capacity: 8M
 Heap Initial Capacity: 502M
 Heap Max Capacity: 2G
 Pre-touch: Disabled
 Parallel Workers: 10
 Concurrent Workers: 3
 Concurrent Refinement Workers: 10
 Periodic GC: Disabled

Heap:
 garbage-first heap   total 322560K, used 237384K [0x0000000080000000, 0x0000000100000000)
  region size 1024K, 37 young (37888K), 11 survivors (11264K)
 Metaspace       used 128743K, committed 131008K, reserved 1179648K
  class space    used 18143K, committed 19200K, reserved 1048576K

Heap Regions: E=young(eden), S=young(survivor), O=old, HS=humongous(starts), HC=humongous(continues), CS=collection set, F=free, TAMS=top-at-mark-start, PB=parsable bottom
|   0|0x0000000080000000, 0x0000000080100000, 0x0000000080100000|100%|HS|  |TAMS 0x0000000080000000| PB 0x0000000080000000| Complete 
|   1|0x0000000080100000, 0x0000000080200000, 0x0000000080200000|100%|HC|  |TAMS 0x0000000080100000| PB 0x0000000080100000| Complete 
|   2|0x0000000080200000, 0x0000000080300000, 0x0000000080300000|100%|HC|  |TAMS 0x0000000080200000| PB 0x0000000080200000| Complete 
|   3|0x0000000080300000, 0x0000000080400000, 0x0000000080400000|100%|HC|  |TAMS 0x0000000080300000| PB 0x0000000080300000| Complete 
|   4|0x0000000080400000, 0x0000000080500000, 0x0000000080500000|100%| O|  |TAMS 0x0000000080400000| PB 0x0000000080400000| Untracked 
|   5|0x0000000080500000, 0x0000000080600000, 0x0000000080600000|100%| O|  |TAMS 0x0000000080500000| PB 0x0000000080500000| Untracked 
|   6|0x0000000080600000, 0x0000000080700000, 0x0000000080700000|100%| O|  |TAMS 0x0000000080600000| PB 0x0000000080600000| Untracked 
|   7|0x0000000080700000, 0x0000000080800000, 0x0000000080800000|100%| O|  |TAMS 0x0000000080700000| PB 0x0000000080700000| Untracked 
|   8|0x0000000080800000, 0x0000000080900000, 0x0000000080900000|100%| O|  |TAMS 0x0000000080800000| PB 0x0000000080800000| Untracked 
|   9|0x0000000080900000, 0x0000000080a00000, 0x0000000080a00000|100%| O|  |TAMS 0x0000000080900000| PB 0x0000000080900000| Untracked 
|  10|0x0000000080a00000, 0x0000000080b00000, 0x0000000080b00000|100%| O|  |TAMS 0x0000000080a00000| PB 0x0000000080a00000| Untracked 
|  11|0x0000000080b00000, 0x0000000080c00000, 0x0000000080c00000|100%|HS|  |TAMS 0x0000000080b00000| PB 0x0000000080b00000| Complete 
|  12|0x0000000080c00000, 0x0000000080d00000, 0x0000000080d00000|100%| O|  |TAMS 0x0000000080c00000| PB 0x0000000080c00000| Untracked 
|  13|0x0000000080d00000, 0x0000000080e00000, 0x0000000080e00000|100%| O|  |TAMS 0x0000000080d00000| PB 0x0000000080d00000| Untracked 
|  14|0x0000000080e00000, 0x0000000080f00000, 0x0000000080f00000|100%| O|  |TAMS 0x0000000080e00000| PB 0x0000000080e00000| Untracked 
|  15|0x0000000080f00000, 0x0000000081000000, 0x0000000081000000|100%| O|  |TAMS 0x0000000080f00000| PB 0x0000000080f00000| Untracked 
|  16|0x0000000081000000, 0x0000000081100000, 0x0000000081100000|100%| O|  |TAMS 0x0000000081000000| PB 0x0000000081000000| Untracked 
|  17|0x0000000081100000, 0x0000000081200000, 0x0000000081200000|100%| O|  |TAMS 0x0000000081100000| PB 0x0000000081100000| Untracked 
|  18|0x0000000081200000, 0x0000000081300000, 0x0000000081300000|100%| O|  |TAMS 0x0000000081200000| PB 0x0000000081200000| Untracked 
|  19|0x0000000081300000, 0x0000000081400000, 0x0000000081400000|100%|HS|  |TAMS 0x0000000081300000| PB 0x0000000081300000| Complete 
|  20|0x0000000081400000, 0x0000000081500000, 0x0000000081500000|100%| O|  |TAMS 0x0000000081400000| PB 0x0000000081400000| Untracked 
|  21|0x0000000081500000, 0x0000000081600000, 0x0000000081600000|100%| O|  |TAMS 0x0000000081500000| PB 0x0000000081500000| Untracked 
|  22|0x0000000081600000, 0x0000000081700000, 0x0000000081700000|100%| O|  |TAMS 0x0000000081600000| PB 0x0000000081600000| Untracked 
|  23|0x0000000081700000, 0x0000000081800000, 0x0000000081800000|100%| O|  |TAMS 0x0000000081700000| PB 0x0000000081700000| Untracked 
|  24|0x0000000081800000, 0x0000000081900000, 0x0000000081900000|100%| O|  |TAMS 0x0000000081800000| PB 0x0000000081800000| Untracked 
|  25|0x0000000081900000, 0x0000000081a00000, 0x0000000081a00000|100%| O|  |TAMS 0x0000000081900000| PB 0x0000000081900000| Untracked 
|  26|0x0000000081a00000, 0x0000000081b00000, 0x0000000081b00000|100%| O|  |TAMS 0x0000000081a00000| PB 0x0000000081a00000| Untracked 
|  27|0x0000000081b00000, 0x0000000081c00000, 0x0000000081c00000|100%| O|  |TAMS 0x0000000081b00000| PB 0x0000000081b00000| Untracked 
|  28|0x0000000081c00000, 0x0000000081d00000, 0x0000000081d00000|100%| O|  |TAMS 0x0000000081c00000| PB 0x0000000081c00000| Untracked 
|  29|0x0000000081d00000, 0x0000000081e00000, 0x0000000081e00000|100%| O|  |TAMS 0x0000000081d00000| PB 0x0000000081d00000| Untracked 
|  30|0x0000000081e00000, 0x0000000081f00000, 0x0000000081f00000|100%| O|  |TAMS 0x0000000081e00000| PB 0x0000000081e00000| Untracked 
|  31|0x0000000081f00000, 0x0000000082000000, 0x0000000082000000|100%| O|  |TAMS 0x0000000081f00000| PB 0x0000000081f00000| Untracked 
|  32|0x0000000082000000, 0x0000000082100000, 0x0000000082100000|100%|HS|  |TAMS 0x0000000082000000| PB 0x0000000082000000| Complete 
|  33|0x0000000082100000, 0x0000000082200000, 0x0000000082200000|100%|HS|  |TAMS 0x0000000082100000| PB 0x0000000082100000| Complete 
|  34|0x0000000082200000, 0x0000000082300000, 0x0000000082300000|100%|HC|  |TAMS 0x0000000082200000| PB 0x0000000082200000| Complete 
|  35|0x0000000082300000, 0x0000000082400000, 0x0000000082400000|100%|HS|  |TAMS 0x0000000082300000| PB 0x0000000082300000| Complete 
|  36|0x0000000082400000, 0x0000000082500000, 0x0000000082500000|100%|HS|  |TAMS 0x0000000082400000| PB 0x0000000082400000| Complete 
|  37|0x0000000082500000, 0x0000000082600000, 0x0000000082600000|100%| O|  |TAMS 0x0000000082500000| PB 0x0000000082500000| Untracked 
|  38|0x0000000082600000, 0x0000000082700000, 0x0000000082700000|100%|HS|  |TAMS 0x0000000082600000| PB 0x0000000082600000| Complete 
|  39|0x0000000082700000, 0x0000000082800000, 0x0000000082800000|100%|HS|  |TAMS 0x0000000082700000| PB 0x0000000082700000| Complete 
|  40|0x0000000082800000, 0x0000000082900000, 0x0000000082900000|100%| O|  |TAMS 0x0000000082800000| PB 0x0000000082800000| Untracked 
|  41|0x0000000082900000, 0x0000000082a00000, 0x0000000082a00000|100%| O|  |TAMS 0x0000000082900000| PB 0x0000000082900000| Untracked 
|  42|0x0000000082a00000, 0x0000000082b00000, 0x0000000082b00000|100%| O|  |TAMS 0x0000000082a00000| PB 0x0000000082a00000| Untracked 
|  43|0x0000000082b00000, 0x0000000082c00000, 0x0000000082c00000|100%| O|  |TAMS 0x0000000082b00000| PB 0x0000000082b00000| Untracked 
|  44|0x0000000082c00000, 0x0000000082d00000, 0x0000000082d00000|100%| O|  |TAMS 0x0000000082c00000| PB 0x0000000082c00000| Untracked 
|  45|0x0000000082d00000, 0x0000000082e00000, 0x0000000082e00000|100%|HS|  |TAMS 0x0000000082d00000| PB 0x0000000082d00000| Complete 
|  46|0x0000000082e00000, 0x0000000082f00000, 0x0000000082f00000|100%|HC|  |TAMS 0x0000000082e00000| PB 0x0000000082e00000| Complete 
|  47|0x0000000082f00000, 0x0000000083000000, 0x0000000083000000|100%| O|  |TAMS 0x0000000082f00000| PB 0x0000000082f00000| Untracked 
|  48|0x0000000083000000, 0x0000000083100000, 0x0000000083100000|100%| O|  |TAMS 0x0000000083000000| PB 0x0000000083000000| Untracked 
|  49|0x0000000083100000, 0x0000000083200000, 0x0000000083200000|100%| O|  |TAMS 0x0000000083100000| PB 0x0000000083100000| Untracked 
|  50|0x0000000083200000, 0x0000000083300000, 0x0000000083300000|100%| O|  |TAMS 0x0000000083200000| PB 0x0000000083200000| Untracked 
|  51|0x0000000083300000, 0x0000000083400000, 0x0000000083400000|100%| O|  |TAMS 0x0000000083300000| PB 0x0000000083300000| Untracked 
|  52|0x0000000083400000, 0x0000000083500000, 0x0000000083500000|100%| O|  |TAMS 0x0000000083400000| PB 0x0000000083400000| Untracked 
|  53|0x0000000083500000, 0x0000000083600000, 0x0000000083600000|100%| O|  |TAMS 0x0000000083500000| PB 0x0000000083500000| Untracked 
|  54|0x0000000083600000, 0x0000000083700000, 0x0000000083700000|100%| O|  |TAMS 0x0000000083600000| PB 0x0000000083600000| Untracked 
|  55|0x0000000083700000, 0x0000000083800000, 0x0000000083800000|100%|HS|  |TAMS 0x0000000083700000| PB 0x0000000083700000| Complete 
|  56|0x0000000083800000, 0x0000000083900000, 0x0000000083900000|100%| O|  |TAMS 0x0000000083800000| PB 0x0000000083800000| Untracked 
|  57|0x0000000083900000, 0x0000000083a00000, 0x0000000083a00000|100%| O|  |TAMS 0x0000000083900000| PB 0x0000000083900000| Untracked 
|  58|0x0000000083a00000, 0x0000000083b00000, 0x0000000083b00000|100%| O|  |TAMS 0x0000000083a00000| PB 0x0000000083a00000| Untracked 
|  59|0x0000000083b00000, 0x0000000083c00000, 0x0000000083c00000|100%| O|  |TAMS 0x0000000083b00000| PB 0x0000000083b00000| Untracked 
|  60|0x0000000083c00000, 0x0000000083d00000, 0x0000000083d00000|100%| O|  |TAMS 0x0000000083c00000| PB 0x0000000083c00000| Untracked 
|  61|0x0000000083d00000, 0x0000000083e00000, 0x0000000083e00000|100%| O|  |TAMS 0x0000000083d00000| PB 0x0000000083d00000| Untracked 
|  62|0x0000000083e00000, 0x0000000083f00000, 0x0000000083f00000|100%| O|  |TAMS 0x0000000083e00000| PB 0x0000000083e00000| Untracked 
|  63|0x0000000083f00000, 0x0000000084000000, 0x0000000084000000|100%| O|  |TAMS 0x0000000083f00000| PB 0x0000000083f00000| Untracked 
|  64|0x0000000084000000, 0x0000000084100000, 0x0000000084100000|100%| O|  |TAMS 0x0000000084000000| PB 0x0000000084000000| Untracked 
|  65|0x0000000084100000, 0x0000000084200000, 0x0000000084200000|100%| O|  |TAMS 0x0000000084100000| PB 0x0000000084100000| Untracked 
|  66|0x0000000084200000, 0x0000000084300000, 0x0000000084300000|100%| O|  |TAMS 0x0000000084200000| PB 0x0000000084200000| Untracked 
|  67|0x0000000084300000, 0x0000000084400000, 0x0000000084400000|100%| O|  |TAMS 0x0000000084300000| PB 0x0000000084300000| Untracked 
|  68|0x0000000084400000, 0x0000000084500000, 0x0000000084500000|100%| O|  |TAMS 0x0000000084400000| PB 0x0000000084400000| Untracked 
|  69|0x0000000084500000, 0x0000000084600000, 0x0000000084600000|100%| O|  |TAMS 0x0000000084500000| PB 0x0000000084500000| Untracked 
|  70|0x0000000084600000, 0x0000000084700000, 0x0000000084700000|100%| O|  |TAMS 0x0000000084600000| PB 0x0000000084600000| Untracked 
|  71|0x0000000084700000, 0x0000000084800000, 0x0000000084800000|100%| O|  |TAMS 0x0000000084700000| PB 0x0000000084700000| Untracked 
|  72|0x0000000084800000, 0x0000000084900000, 0x0000000084900000|100%| O|  |TAMS 0x0000000084800000| PB 0x0000000084800000| Untracked 
|  73|0x0000000084900000, 0x0000000084a00000, 0x0000000084a00000|100%| O|  |TAMS 0x0000000084900000| PB 0x0000000084900000| Untracked 
|  74|0x0000000084a00000, 0x0000000084b00000, 0x0000000084b00000|100%| O|  |TAMS 0x0000000084a00000| PB 0x0000000084a00000| Untracked 
|  75|0x0000000084b00000, 0x0000000084c00000, 0x0000000084c00000|100%| O|  |TAMS 0x0000000084b00000| PB 0x0000000084b00000| Untracked 
|  76|0x0000000084c00000, 0x0000000084d00000, 0x0000000084d00000|100%| O|  |TAMS 0x0000000084c00000| PB 0x0000000084c00000| Untracked 
|  77|0x0000000084d00000, 0x0000000084e00000, 0x0000000084e00000|100%| O|  |TAMS 0x0000000084d00000| PB 0x0000000084d00000| Untracked 
|  78|0x0000000084e00000, 0x0000000084f00000, 0x0000000084f00000|100%| O|  |TAMS 0x0000000084e00000| PB 0x0000000084e00000| Untracked 
|  79|0x0000000084f00000, 0x0000000085000000, 0x0000000085000000|100%| O|  |TAMS 0x0000000084f00000| PB 0x0000000084f00000| Untracked 
|  80|0x0000000085000000, 0x0000000085100000, 0x0000000085100000|100%| O|  |TAMS 0x0000000085000000| PB 0x0000000085000000| Untracked 
|  81|0x0000000085100000, 0x0000000085200000, 0x0000000085200000|100%| O|  |TAMS 0x0000000085100000| PB 0x0000000085100000| Untracked 
|  82|0x0000000085200000, 0x0000000085300000, 0x0000000085300000|100%| O|  |TAMS 0x0000000085200000| PB 0x0000000085200000| Untracked 
|  83|0x0000000085300000, 0x0000000085400000, 0x0000000085400000|100%| O|  |TAMS 0x0000000085300000| PB 0x0000000085300000| Untracked 
|  84|0x0000000085400000, 0x0000000085500000, 0x0000000085500000|100%| O|  |TAMS 0x0000000085400000| PB 0x0000000085400000| Untracked 
|  85|0x0000000085500000, 0x0000000085600000, 0x0000000085600000|100%| O|  |TAMS 0x0000000085500000| PB 0x0000000085500000| Untracked 
|  86|0x0000000085600000, 0x0000000085700000, 0x0000000085700000|100%| O|  |TAMS 0x0000000085600000| PB 0x0000000085600000| Untracked 
|  87|0x0000000085700000, 0x0000000085800000, 0x0000000085800000|100%| O|  |TAMS 0x0000000085700000| PB 0x0000000085700000| Untracked 
|  88|0x0000000085800000, 0x0000000085900000, 0x0000000085900000|100%| O|  |TAMS 0x0000000085800000| PB 0x0000000085800000| Untracked 
|  89|0x0000000085900000, 0x0000000085a00000, 0x0000000085a00000|100%| O|  |TAMS 0x0000000085900000| PB 0x0000000085900000| Untracked 
|  90|0x0000000085a00000, 0x0000000085b00000, 0x0000000085b00000|100%| O|  |TAMS 0x0000000085a00000| PB 0x0000000085a00000| Untracked 
|  91|0x0000000085b00000, 0x0000000085c00000, 0x0000000085c00000|100%| O|  |TAMS 0x0000000085b00000| PB 0x0000000085b00000| Untracked 
|  92|0x0000000085c00000, 0x0000000085d00000, 0x0000000085d00000|100%| O|  |TAMS 0x0000000085c00000| PB 0x0000000085c00000| Untracked 
|  93|0x0000000085d00000, 0x0000000085e00000, 0x0000000085e00000|100%| O|  |TAMS 0x0000000085d00000| PB 0x0000000085d00000| Untracked 
|  94|0x0000000085e00000, 0x0000000085f00000, 0x0000000085f00000|100%| O|  |TAMS 0x0000000085e00000| PB 0x0000000085e00000| Untracked 
|  95|0x0000000085f00000, 0x0000000086000000, 0x0000000086000000|100%| O|  |TAMS 0x0000000085f00000| PB 0x0000000085f00000| Untracked 
|  96|0x0000000086000000, 0x0000000086100000, 0x0000000086100000|100%| O|  |TAMS 0x0000000086000000| PB 0x0000000086000000| Untracked 
|  97|0x0000000086100000, 0x0000000086200000, 0x0000000086200000|100%| O|  |TAMS 0x0000000086100000| PB 0x0000000086100000| Untracked 
|  98|0x0000000086200000, 0x0000000086300000, 0x0000000086300000|100%| O|  |TAMS 0x0000000086200000| PB 0x0000000086200000| Untracked 
|  99|0x0000000086300000, 0x0000000086400000, 0x0000000086400000|100%| O|  |TAMS 0x0000000086300000| PB 0x0000000086300000| Untracked 
| 100|0x0000000086400000, 0x0000000086500000, 0x0000000086500000|100%| O|  |TAMS 0x0000000086400000| PB 0x0000000086400000| Untracked 
| 101|0x0000000086500000, 0x0000000086600000, 0x0000000086600000|100%| O|  |TAMS 0x0000000086500000| PB 0x0000000086500000| Untracked 
| 102|0x0000000086600000, 0x0000000086700000, 0x0000000086700000|100%| O|  |TAMS 0x0000000086600000| PB 0x0000000086600000| Untracked 
| 103|0x0000000086700000, 0x0000000086800000, 0x0000000086800000|100%| O|  |TAMS 0x0000000086700000| PB 0x0000000086700000| Untracked 
| 104|0x0000000086800000, 0x0000000086900000, 0x0000000086900000|100%| O|  |TAMS 0x0000000086800000| PB 0x0000000086800000| Untracked 
| 105|0x0000000086900000, 0x0000000086a00000, 0x0000000086a00000|100%| O|  |TAMS 0x0000000086900000| PB 0x0000000086900000| Untracked 
| 106|0x0000000086a00000, 0x0000000086b00000, 0x0000000086b00000|100%| O|  |TAMS 0x0000000086a00000| PB 0x0000000086a00000| Untracked 
| 107|0x0000000086b00000, 0x0000000086c00000, 0x0000000086c00000|100%| O|  |TAMS 0x0000000086b00000| PB 0x0000000086b00000| Untracked 
| 108|0x0000000086c00000, 0x0000000086d00000, 0x0000000086d00000|100%| O|  |TAMS 0x0000000086c00000| PB 0x0000000086c00000| Untracked 
| 109|0x0000000086d00000, 0x0000000086e00000, 0x0000000086e00000|100%| O|  |TAMS 0x0000000086d00000| PB 0x0000000086d00000| Untracked 
| 110|0x0000000086e00000, 0x0000000086f00000, 0x0000000086f00000|100%| O|  |TAMS 0x0000000086e00000| PB 0x0000000086e00000| Untracked 
| 111|0x0000000086f00000, 0x0000000087000000, 0x0000000087000000|100%| O|  |TAMS 0x0000000086f00000| PB 0x0000000086f00000| Untracked 
| 112|0x0000000087000000, 0x0000000087100000, 0x0000000087100000|100%| O|  |TAMS 0x0000000087000000| PB 0x0000000087000000| Untracked 
| 113|0x0000000087100000, 0x0000000087200000, 0x0000000087200000|100%| O|  |TAMS 0x0000000087100000| PB 0x0000000087100000| Untracked 
| 114|0x0000000087200000, 0x0000000087300000, 0x0000000087300000|100%| O|Cm|TAMS 0x0000000087200000| PB 0x0000000087200000| Complete 
| 115|0x0000000087300000, 0x0000000087400000, 0x0000000087400000|100%| O|  |TAMS 0x0000000087300000| PB 0x0000000087300000| Untracked 
| 116|0x0000000087400000, 0x0000000087500000, 0x0000000087500000|100%| O|  |TAMS 0x0000000087400000| PB 0x0000000087400000| Untracked 
| 117|0x0000000087500000, 0x0000000087600000, 0x0000000087600000|100%| O|  |TAMS 0x0000000087500000| PB 0x0000000087500000| Untracked 
| 118|0x0000000087600000, 0x0000000087700000, 0x0000000087700000|100%| O|  |TAMS 0x0000000087600000| PB 0x0000000087600000| Untracked 
| 119|0x0000000087700000, 0x0000000087800000, 0x0000000087800000|100%| O|  |TAMS 0x0000000087700000| PB 0x0000000087700000| Untracked 
| 120|0x0000000087800000, 0x0000000087900000, 0x0000000087900000|100%| O|  |TAMS 0x0000000087800000| PB 0x0000000087800000| Untracked 
| 121|0x0000000087900000, 0x0000000087a00000, 0x0000000087a00000|100%| O|  |TAMS 0x0000000087900000| PB 0x0000000087900000| Untracked 
| 122|0x0000000087a00000, 0x0000000087b00000, 0x0000000087b00000|100%| O|  |TAMS 0x0000000087a00000| PB 0x0000000087a00000| Untracked 
| 123|0x0000000087b00000, 0x0000000087c00000, 0x0000000087c00000|100%| O|  |TAMS 0x0000000087b00000| PB 0x0000000087b00000| Untracked 
| 124|0x0000000087c00000, 0x0000000087d00000, 0x0000000087d00000|100%| O|  |TAMS 0x0000000087c00000| PB 0x0000000087c00000| Untracked 
| 125|0x0000000087d00000, 0x0000000087e00000, 0x0000000087e00000|100%| O|  |TAMS 0x0000000087d00000| PB 0x0000000087d00000| Untracked 
| 126|0x0000000087e00000, 0x0000000087f00000, 0x0000000087f00000|100%| O|  |TAMS 0x0000000087e00000| PB 0x0000000087e00000| Untracked 
| 127|0x0000000087f00000, 0x0000000088000000, 0x0000000088000000|100%| O|  |TAMS 0x0000000087f00000| PB 0x0000000087f00000| Untracked 
| 128|0x0000000088000000, 0x0000000088100000, 0x0000000088100000|100%| O|  |TAMS 0x0000000088000000| PB 0x0000000088000000| Untracked 
| 129|0x0000000088100000, 0x0000000088200000, 0x0000000088200000|100%| O|  |TAMS 0x0000000088100000| PB 0x0000000088100000| Untracked 
| 130|0x0000000088200000, 0x0000000088300000, 0x0000000088300000|100%| O|  |TAMS 0x0000000088200000| PB 0x0000000088200000| Untracked 
| 131|0x0000000088300000, 0x0000000088400000, 0x0000000088400000|100%| O|  |TAMS 0x0000000088300000| PB 0x0000000088300000| Untracked 
| 132|0x0000000088400000, 0x0000000088500000, 0x0000000088500000|100%| O|  |TAMS 0x0000000088400000| PB 0x0000000088400000| Untracked 
| 133|0x0000000088500000, 0x0000000088600000, 0x0000000088600000|100%| O|  |TAMS 0x0000000088500000| PB 0x0000000088500000| Untracked 
| 134|0x0000000088600000, 0x0000000088700000, 0x0000000088700000|100%| O|  |TAMS 0x0000000088600000| PB 0x0000000088600000| Untracked 
| 135|0x0000000088700000, 0x0000000088800000, 0x0000000088800000|100%| O|  |TAMS 0x0000000088700000| PB 0x0000000088700000| Untracked 
| 136|0x0000000088800000, 0x0000000088900000, 0x0000000088900000|100%| O|  |TAMS 0x0000000088800000| PB 0x0000000088800000| Untracked 
| 137|0x0000000088900000, 0x0000000088a00000, 0x0000000088a00000|100%| O|  |TAMS 0x0000000088900000| PB 0x0000000088900000| Untracked 
| 138|0x0000000088a00000, 0x0000000088b00000, 0x0000000088b00000|100%| O|  |TAMS 0x0000000088a00000| PB 0x0000000088a00000| Untracked 
| 139|0x0000000088b00000, 0x0000000088c00000, 0x0000000088c00000|100%| O|  |TAMS 0x0000000088b00000| PB 0x0000000088b00000| Untracked 
| 140|0x0000000088c00000, 0x0000000088d00000, 0x0000000088d00000|100%| O|Cm|TAMS 0x0000000088c00000| PB 0x0000000088c00000| Complete 
| 141|0x0000000088d00000, 0x0000000088e00000, 0x0000000088e00000|100%| O|  |TAMS 0x0000000088d00000| PB 0x0000000088d00000| Untracked 
| 142|0x0000000088e00000, 0x0000000088f00000, 0x0000000088f00000|100%| O|  |TAMS 0x0000000088e00000| PB 0x0000000088e00000| Untracked 
| 143|0x0000000088f00000, 0x0000000089000000, 0x0000000089000000|100%| O|  |TAMS 0x0000000088f00000| PB 0x0000000088f00000| Untracked 
| 144|0x0000000089000000, 0x0000000089100000, 0x0000000089100000|100%| O|  |TAMS 0x0000000089000000| PB 0x0000000089000000| Untracked 
| 145|0x0000000089100000, 0x0000000089200000, 0x0000000089200000|100%| O|  |TAMS 0x0000000089100000| PB 0x0000000089100000| Untracked 
| 146|0x0000000089200000, 0x0000000089300000, 0x0000000089300000|100%| O|  |TAMS 0x0000000089200000| PB 0x0000000089200000| Untracked 
| 147|0x0000000089300000, 0x0000000089400000, 0x0000000089400000|100%| O|  |TAMS 0x0000000089300000| PB 0x0000000089300000| Untracked 
| 148|0x0000000089400000, 0x0000000089500000, 0x0000000089500000|100%| O|  |TAMS 0x0000000089400000| PB 0x0000000089400000| Untracked 
| 149|0x0000000089500000, 0x0000000089600000, 0x0000000089600000|100%| O|  |TAMS 0x0000000089500000| PB 0x0000000089500000| Untracked 
| 150|0x0000000089600000, 0x0000000089700000, 0x0000000089700000|100%| O|  |TAMS 0x0000000089600000| PB 0x0000000089600000| Untracked 
| 151|0x0000000089700000, 0x0000000089800000, 0x0000000089800000|100%| O|  |TAMS 0x0000000089700000| PB 0x0000000089700000| Untracked 
| 152|0x0000000089800000, 0x0000000089900000, 0x0000000089900000|100%| O|  |TAMS 0x0000000089800000| PB 0x0000000089800000| Untracked 
| 153|0x0000000089900000, 0x0000000089a00000, 0x0000000089a00000|100%| O|  |TAMS 0x0000000089900000| PB 0x0000000089900000| Untracked 
| 154|0x0000000089a00000, 0x0000000089b00000, 0x0000000089b00000|100%| O|  |TAMS 0x0000000089a00000| PB 0x0000000089a00000| Untracked 
| 155|0x0000000089b00000, 0x0000000089c00000, 0x0000000089c00000|100%| O|  |TAMS 0x0000000089b00000| PB 0x0000000089b00000| Untracked 
| 156|0x0000000089c00000, 0x0000000089d00000, 0x0000000089d00000|100%| O|  |TAMS 0x0000000089c00000| PB 0x0000000089c00000| Untracked 
| 157|0x0000000089d00000, 0x0000000089e00000, 0x0000000089e00000|100%| O|  |TAMS 0x0000000089d00000| PB 0x0000000089d00000| Untracked 
| 158|0x0000000089e00000, 0x0000000089f00000, 0x0000000089f00000|100%| O|  |TAMS 0x0000000089e00000| PB 0x0000000089e00000| Untracked 
| 159|0x0000000089f00000, 0x000000008a000000, 0x000000008a000000|100%| O|  |TAMS 0x0000000089f00000| PB 0x0000000089f00000| Untracked 
| 160|0x000000008a000000, 0x000000008a100000, 0x000000008a100000|100%| O|  |TAMS 0x000000008a000000| PB 0x000000008a000000| Untracked 
| 161|0x000000008a100000, 0x000000008a200000, 0x000000008a200000|100%| O|  |TAMS 0x000000008a100000| PB 0x000000008a100000| Untracked 
| 162|0x000000008a200000, 0x000000008a300000, 0x000000008a300000|100%| O|  |TAMS 0x000000008a200000| PB 0x000000008a200000| Untracked 
| 163|0x000000008a300000, 0x000000008a400000, 0x000000008a400000|100%| O|  |TAMS 0x000000008a300000| PB 0x000000008a300000| Untracked 
| 164|0x000000008a400000, 0x000000008a500000, 0x000000008a500000|100%| O|  |TAMS 0x000000008a400000| PB 0x000000008a400000| Untracked 
| 165|0x000000008a500000, 0x000000008a600000, 0x000000008a600000|100%| O|  |TAMS 0x000000008a500000| PB 0x000000008a500000| Untracked 
| 166|0x000000008a600000, 0x000000008a700000, 0x000000008a700000|100%| O|  |TAMS 0x000000008a600000| PB 0x000000008a600000| Untracked 
| 167|0x000000008a700000, 0x000000008a800000, 0x000000008a800000|100%| O|  |TAMS 0x000000008a700000| PB 0x000000008a700000| Untracked 
| 168|0x000000008a800000, 0x000000008a900000, 0x000000008a900000|100%| O|  |TAMS 0x000000008a800000| PB 0x000000008a800000| Untracked 
| 169|0x000000008a900000, 0x000000008aa00000, 0x000000008aa00000|100%| O|  |TAMS 0x000000008a900000| PB 0x000000008a900000| Untracked 
| 170|0x000000008aa00000, 0x000000008aa00000, 0x000000008ab00000|  0%| F|  |TAMS 0x000000008aa00000| PB 0x000000008aa00000| Untracked 
| 171|0x000000008ab00000, 0x000000008ac00000, 0x000000008ac00000|100%| O|  |TAMS 0x000000008ab00000| PB 0x000000008ab00000| Untracked 
| 172|0x000000008ac00000, 0x000000008ad00000, 0x000000008ad00000|100%| O|  |TAMS 0x000000008ac00000| PB 0x000000008ac00000| Untracked 
| 173|0x000000008ad00000, 0x000000008ae00000, 0x000000008ae00000|100%| O|  |TAMS 0x000000008ad00000| PB 0x000000008ad00000| Untracked 
| 174|0x000000008ae00000, 0x000000008af00000, 0x000000008af00000|100%| O|  |TAMS 0x000000008ae00000| PB 0x000000008ae00000| Untracked 
| 175|0x000000008af00000, 0x000000008b000000, 0x000000008b000000|100%| O|  |TAMS 0x000000008af00000| PB 0x000000008af00000| Untracked 
| 176|0x000000008b000000, 0x000000008b100000, 0x000000008b100000|100%| O|  |TAMS 0x000000008b000000| PB 0x000000008b000000| Untracked 
| 177|0x000000008b100000, 0x000000008b200000, 0x000000008b200000|100%| O|  |TAMS 0x000000008b100000| PB 0x000000008b100000| Untracked 
| 178|0x000000008b200000, 0x000000008b300000, 0x000000008b300000|100%| O|  |TAMS 0x000000008b200000| PB 0x000000008b200000| Untracked 
| 179|0x000000008b300000, 0x000000008b3d23e8, 0x000000008b400000| 82%| O|  |TAMS 0x000000008b300000| PB 0x000000008b300000| Untracked 
| 180|0x000000008b400000, 0x000000008b400000, 0x000000008b500000|  0%| F|  |TAMS 0x000000008b400000| PB 0x000000008b400000| Untracked 
| 181|0x000000008b500000, 0x000000008b500000, 0x000000008b600000|  0%| F|  |TAMS 0x000000008b500000| PB 0x000000008b500000| Untracked 
| 182|0x000000008b600000, 0x000000008b600000, 0x000000008b700000|  0%| F|  |TAMS 0x000000008b600000| PB 0x000000008b600000| Untracked 
| 183|0x000000008b700000, 0x000000008b700000, 0x000000008b800000|  0%| F|  |TAMS 0x000000008b700000| PB 0x000000008b700000| Untracked 
| 184|0x000000008b800000, 0x000000008b800000, 0x000000008b900000|  0%| F|  |TAMS 0x000000008b800000| PB 0x000000008b800000| Untracked 
| 185|0x000000008b900000, 0x000000008b900000, 0x000000008ba00000|  0%| F|  |TAMS 0x000000008b900000| PB 0x000000008b900000| Untracked 
| 186|0x000000008ba00000, 0x000000008ba00000, 0x000000008bb00000|  0%| F|  |TAMS 0x000000008ba00000| PB 0x000000008ba00000| Untracked 
| 187|0x000000008bb00000, 0x000000008bb00000, 0x000000008bc00000|  0%| F|  |TAMS 0x000000008bb00000| PB 0x000000008bb00000| Untracked 
| 188|0x000000008bc00000, 0x000000008bc00000, 0x000000008bd00000|  0%| F|  |TAMS 0x000000008bc00000| PB 0x000000008bc00000| Untracked 
| 189|0x000000008bd00000, 0x000000008bd00000, 0x000000008be00000|  0%| F|  |TAMS 0x000000008bd00000| PB 0x000000008bd00000| Untracked 
| 190|0x000000008be00000, 0x000000008be00000, 0x000000008bf00000|  0%| F|  |TAMS 0x000000008be00000| PB 0x000000008be00000| Untracked 
| 191|0x000000008bf00000, 0x000000008bf00000, 0x000000008c000000|  0%| F|  |TAMS 0x000000008bf00000| PB 0x000000008bf00000| Untracked 
| 192|0x000000008c000000, 0x000000008c000000, 0x000000008c100000|  0%| F|  |TAMS 0x000000008c000000| PB 0x000000008c000000| Untracked 
| 193|0x000000008c100000, 0x000000008c100000, 0x000000008c200000|  0%| F|  |TAMS 0x000000008c100000| PB 0x000000008c100000| Untracked 
| 194|0x000000008c200000, 0x000000008c200000, 0x000000008c300000|  0%| F|  |TAMS 0x000000008c200000| PB 0x000000008c200000| Untracked 
| 195|0x000000008c300000, 0x000000008c300000, 0x000000008c400000|  0%| F|  |TAMS 0x000000008c300000| PB 0x000000008c300000| Untracked 
| 196|0x000000008c400000, 0x000000008c400000, 0x000000008c500000|  0%| F|  |TAMS 0x000000008c400000| PB 0x000000008c400000| Untracked 
| 197|0x000000008c500000, 0x000000008c500000, 0x000000008c600000|  0%| F|  |TAMS 0x000000008c500000| PB 0x000000008c500000| Untracked 
| 198|0x000000008c600000, 0x000000008c600000, 0x000000008c700000|  0%| F|  |TAMS 0x000000008c600000| PB 0x000000008c600000| Untracked 
| 199|0x000000008c700000, 0x000000008c700000, 0x000000008c800000|  0%| F|  |TAMS 0x000000008c700000| PB 0x000000008c700000| Untracked 
| 200|0x000000008c800000, 0x000000008c800000, 0x000000008c900000|  0%| F|  |TAMS 0x000000008c800000| PB 0x000000008c800000| Untracked 
| 201|0x000000008c900000, 0x000000008c900000, 0x000000008ca00000|  0%| F|  |TAMS 0x000000008c900000| PB 0x000000008c900000| Untracked 
| 202|0x000000008ca00000, 0x000000008ca00000, 0x000000008cb00000|  0%| F|  |TAMS 0x000000008ca00000| PB 0x000000008ca00000| Untracked 
| 203|0x000000008cb00000, 0x000000008cb00000, 0x000000008cc00000|  0%| F|  |TAMS 0x000000008cb00000| PB 0x000000008cb00000| Untracked 
| 204|0x000000008cc00000, 0x000000008cc00000, 0x000000008cd00000|  0%| F|  |TAMS 0x000000008cc00000| PB 0x000000008cc00000| Untracked 
| 205|0x000000008cd00000, 0x000000008cd00000, 0x000000008ce00000|  0%| F|  |TAMS 0x000000008cd00000| PB 0x000000008cd00000| Untracked 
| 206|0x000000008ce00000, 0x000000008ce00000, 0x000000008cf00000|  0%| F|  |TAMS 0x000000008ce00000| PB 0x000000008ce00000| Untracked 
| 207|0x000000008cf00000, 0x000000008cf00000, 0x000000008d000000|  0%| F|  |TAMS 0x000000008cf00000| PB 0x000000008cf00000| Untracked 
| 208|0x000000008d000000, 0x000000008d000000, 0x000000008d100000|  0%| F|  |TAMS 0x000000008d000000| PB 0x000000008d000000| Untracked 
| 209|0x000000008d100000, 0x000000008d100000, 0x000000008d200000|  0%| F|  |TAMS 0x000000008d100000| PB 0x000000008d100000| Untracked 
| 210|0x000000008d200000, 0x000000008d200000, 0x000000008d300000|  0%| F|  |TAMS 0x000000008d200000| PB 0x000000008d200000| Untracked 
| 211|0x000000008d300000, 0x000000008d300000, 0x000000008d400000|  0%| F|  |TAMS 0x000000008d300000| PB 0x000000008d300000| Untracked 
| 212|0x000000008d400000, 0x000000008d400000, 0x000000008d500000|  0%| F|  |TAMS 0x000000008d400000| PB 0x000000008d400000| Untracked 
| 213|0x000000008d500000, 0x000000008d600000, 0x000000008d600000|100%| S|CS|TAMS 0x000000008d500000| PB 0x000000008d500000| Complete 
| 214|0x000000008d600000, 0x000000008d700000, 0x000000008d700000|100%| S|CS|TAMS 0x000000008d600000| PB 0x000000008d600000| Complete 
| 215|0x000000008d700000, 0x000000008d800000, 0x000000008d800000|100%| S|CS|TAMS 0x000000008d700000| PB 0x000000008d700000| Complete 
| 216|0x000000008d800000, 0x000000008d900000, 0x000000008d900000|100%| S|CS|TAMS 0x000000008d800000| PB 0x000000008d800000| Complete 
| 217|0x000000008d900000, 0x000000008da00000, 0x000000008da00000|100%| S|CS|TAMS 0x000000008d900000| PB 0x000000008d900000| Complete 
| 218|0x000000008da00000, 0x000000008db00000, 0x000000008db00000|100%| S|CS|TAMS 0x000000008da00000| PB 0x000000008da00000| Complete 
| 219|0x000000008db00000, 0x000000008dc00000, 0x000000008dc00000|100%| S|CS|TAMS 0x000000008db00000| PB 0x000000008db00000| Complete 
| 220|0x000000008dc00000, 0x000000008dd00000, 0x000000008dd00000|100%| S|CS|TAMS 0x000000008dc00000| PB 0x000000008dc00000| Complete 
| 221|0x000000008dd00000, 0x000000008de00000, 0x000000008de00000|100%| S|CS|TAMS 0x000000008dd00000| PB 0x000000008dd00000| Complete 
| 222|0x000000008de00000, 0x000000008df00000, 0x000000008df00000|100%| S|CS|TAMS 0x000000008de00000| PB 0x000000008de00000| Complete 
| 223|0x000000008df00000, 0x000000008e000000, 0x000000008e000000|100%| S|CS|TAMS 0x000000008df00000| PB 0x000000008df00000| Complete 
| 224|0x000000008e000000, 0x000000008e000000, 0x000000008e100000|  0%| F|  |TAMS 0x000000008e000000| PB 0x000000008e000000| Untracked 
| 225|0x000000008e100000, 0x000000008e100000, 0x000000008e200000|  0%| F|  |TAMS 0x000000008e100000| PB 0x000000008e100000| Untracked 
| 226|0x000000008e200000, 0x000000008e200000, 0x000000008e300000|  0%| F|  |TAMS 0x000000008e200000| PB 0x000000008e200000| Untracked 
| 227|0x000000008e300000, 0x000000008e300000, 0x000000008e400000|  0%| F|  |TAMS 0x000000008e300000| PB 0x000000008e300000| Untracked 
| 228|0x000000008e400000, 0x000000008e400000, 0x000000008e500000|  0%| F|  |TAMS 0x000000008e400000| PB 0x000000008e400000| Untracked 
| 229|0x000000008e500000, 0x000000008e500000, 0x000000008e600000|  0%| F|  |TAMS 0x000000008e500000| PB 0x000000008e500000| Untracked 
| 230|0x000000008e600000, 0x000000008e600000, 0x000000008e700000|  0%| F|  |TAMS 0x000000008e600000| PB 0x000000008e600000| Untracked 
| 231|0x000000008e700000, 0x000000008e700000, 0x000000008e800000|  0%| F|  |TAMS 0x000000008e700000| PB 0x000000008e700000| Untracked 
| 232|0x000000008e800000, 0x000000008e800000, 0x000000008e900000|  0%| F|  |TAMS 0x000000008e800000| PB 0x000000008e800000| Untracked 
| 233|0x000000008e900000, 0x000000008e900000, 0x000000008ea00000|  0%| F|  |TAMS 0x000000008e900000| PB 0x000000008e900000| Untracked 
| 234|0x000000008ea00000, 0x000000008ea00000, 0x000000008eb00000|  0%| F|  |TAMS 0x000000008ea00000| PB 0x000000008ea00000| Untracked 
| 235|0x000000008eb00000, 0x000000008eb00000, 0x000000008ec00000|  0%| F|  |TAMS 0x000000008eb00000| PB 0x000000008eb00000| Untracked 
| 236|0x000000008ec00000, 0x000000008ec00000, 0x000000008ed00000|  0%| F|  |TAMS 0x000000008ec00000| PB 0x000000008ec00000| Untracked 
| 237|0x000000008ed00000, 0x000000008ed00000, 0x000000008ee00000|  0%| F|  |TAMS 0x000000008ed00000| PB 0x000000008ed00000| Untracked 
| 238|0x000000008ee00000, 0x000000008ee00000, 0x000000008ef00000|  0%| F|  |TAMS 0x000000008ee00000| PB 0x000000008ee00000| Untracked 
| 239|0x000000008ef00000, 0x000000008ef00000, 0x000000008f000000|  0%| F|  |TAMS 0x000000008ef00000| PB 0x000000008ef00000| Untracked 
| 240|0x000000008f000000, 0x000000008f000000, 0x000000008f100000|  0%| F|  |TAMS 0x000000008f000000| PB 0x000000008f000000| Untracked 
| 241|0x000000008f100000, 0x000000008f100000, 0x000000008f200000|  0%| F|  |TAMS 0x000000008f100000| PB 0x000000008f100000| Untracked 
| 242|0x000000008f200000, 0x000000008f200000, 0x000000008f300000|  0%| F|  |TAMS 0x000000008f200000| PB 0x000000008f200000| Untracked 
| 243|0x000000008f300000, 0x000000008f300000, 0x000000008f400000|  0%| F|  |TAMS 0x000000008f300000| PB 0x000000008f300000| Untracked 
| 244|0x000000008f400000, 0x000000008f400000, 0x000000008f500000|  0%| F|  |TAMS 0x000000008f400000| PB 0x000000008f400000| Untracked 
| 245|0x000000008f500000, 0x000000008f500000, 0x000000008f600000|  0%| F|  |TAMS 0x000000008f500000| PB 0x000000008f500000| Untracked 
| 246|0x000000008f600000, 0x000000008f600000, 0x000000008f700000|  0%| F|  |TAMS 0x000000008f600000| PB 0x000000008f600000| Untracked 
| 247|0x000000008f700000, 0x000000008f700000, 0x000000008f800000|  0%| F|  |TAMS 0x000000008f700000| PB 0x000000008f700000| Untracked 
| 248|0x000000008f800000, 0x000000008f800000, 0x000000008f900000|  0%| F|  |TAMS 0x000000008f800000| PB 0x000000008f800000| Untracked 
| 249|0x000000008f900000, 0x000000008f900000, 0x000000008fa00000|  0%| F|  |TAMS 0x000000008f900000| PB 0x000000008f900000| Untracked 
| 250|0x000000008fa00000, 0x000000008fa00000, 0x000000008fb00000|  0%| F|  |TAMS 0x000000008fa00000| PB 0x000000008fa00000| Untracked 
| 251|0x000000008fb00000, 0x000000008fb00000, 0x000000008fc00000|  0%| F|  |TAMS 0x000000008fb00000| PB 0x000000008fb00000| Untracked 
| 252|0x000000008fc00000, 0x000000008fc00000, 0x000000008fd00000|  0%| F|  |TAMS 0x000000008fc00000| PB 0x000000008fc00000| Untracked 
| 253|0x000000008fd00000, 0x000000008fd00000, 0x000000008fe00000|  0%| F|  |TAMS 0x000000008fd00000| PB 0x000000008fd00000| Untracked 
| 254|0x000000008fe00000, 0x000000008fe00000, 0x000000008ff00000|  0%| F|  |TAMS 0x000000008fe00000| PB 0x000000008fe00000| Untracked 
| 255|0x000000008ff00000, 0x000000008ff00000, 0x0000000090000000|  0%| F|  |TAMS 0x000000008ff00000| PB 0x000000008ff00000| Untracked 
| 256|0x0000000090000000, 0x0000000090000000, 0x0000000090100000|  0%| F|  |TAMS 0x0000000090000000| PB 0x0000000090000000| Untracked 
| 257|0x0000000090100000, 0x0000000090100000, 0x0000000090200000|  0%| F|  |TAMS 0x0000000090100000| PB 0x0000000090100000| Untracked 
| 258|0x0000000090200000, 0x0000000090200000, 0x0000000090300000|  0%| F|  |TAMS 0x0000000090200000| PB 0x0000000090200000| Untracked 
| 259|0x0000000090300000, 0x0000000090300000, 0x0000000090400000|  0%| F|  |TAMS 0x0000000090300000| PB 0x0000000090300000| Untracked 
| 260|0x0000000090400000, 0x0000000090400000, 0x0000000090500000|  0%| F|  |TAMS 0x0000000090400000| PB 0x0000000090400000| Untracked 
| 261|0x0000000090500000, 0x0000000090500000, 0x0000000090600000|  0%| F|  |TAMS 0x0000000090500000| PB 0x0000000090500000| Untracked 
| 262|0x0000000090600000, 0x0000000090600000, 0x0000000090700000|  0%| F|  |TAMS 0x0000000090600000| PB 0x0000000090600000| Untracked 
| 263|0x0000000090700000, 0x0000000090700000, 0x0000000090800000|  0%| F|  |TAMS 0x0000000090700000| PB 0x0000000090700000| Untracked 
| 264|0x0000000090800000, 0x0000000090800000, 0x0000000090900000|  0%| F|  |TAMS 0x0000000090800000| PB 0x0000000090800000| Untracked 
| 265|0x0000000090900000, 0x0000000090900000, 0x0000000090a00000|  0%| F|  |TAMS 0x0000000090900000| PB 0x0000000090900000| Untracked 
| 266|0x0000000090a00000, 0x0000000090a1ca70, 0x0000000090b00000| 11%| E|  |TAMS 0x0000000090a00000| PB 0x0000000090a00000| Complete 
| 267|0x0000000090b00000, 0x0000000090c00000, 0x0000000090c00000|100%| E|CS|TAMS 0x0000000090b00000| PB 0x0000000090b00000| Complete 
| 268|0x0000000090c00000, 0x0000000090d00000, 0x0000000090d00000|100%| E|CS|TAMS 0x0000000090c00000| PB 0x0000000090c00000| Complete 
| 269|0x0000000090d00000, 0x0000000090e00000, 0x0000000090e00000|100%| E|CS|TAMS 0x0000000090d00000| PB 0x0000000090d00000| Complete 
| 270|0x0000000090e00000, 0x0000000090f00000, 0x0000000090f00000|100%| E|CS|TAMS 0x0000000090e00000| PB 0x0000000090e00000| Complete 
| 271|0x0000000090f00000, 0x0000000091000000, 0x0000000091000000|100%| E|CS|TAMS 0x0000000090f00000| PB 0x0000000090f00000| Complete 
| 272|0x0000000091000000, 0x0000000091100000, 0x0000000091100000|100%| E|CS|TAMS 0x0000000091000000| PB 0x0000000091000000| Complete 
| 273|0x0000000091100000, 0x0000000091200000, 0x0000000091200000|100%| E|CS|TAMS 0x0000000091100000| PB 0x0000000091100000| Complete 
| 274|0x0000000091200000, 0x0000000091300000, 0x0000000091300000|100%| E|CS|TAMS 0x0000000091200000| PB 0x0000000091200000| Complete 
| 275|0x0000000091300000, 0x0000000091400000, 0x0000000091400000|100%| E|CS|TAMS 0x0000000091300000| PB 0x0000000091300000| Complete 
| 276|0x0000000091400000, 0x0000000091500000, 0x0000000091500000|100%| E|CS|TAMS 0x0000000091400000| PB 0x0000000091400000| Complete 
| 277|0x0000000091500000, 0x0000000091600000, 0x0000000091600000|100%| E|CS|TAMS 0x0000000091500000| PB 0x0000000091500000| Complete 
| 278|0x0000000091600000, 0x0000000091700000, 0x0000000091700000|100%| E|CS|TAMS 0x0000000091600000| PB 0x0000000091600000| Complete 
| 279|0x0000000091700000, 0x0000000091800000, 0x0000000091800000|100%| E|CS|TAMS 0x0000000091700000| PB 0x0000000091700000| Complete 
| 280|0x0000000091800000, 0x0000000091900000, 0x0000000091900000|100%| E|CS|TAMS 0x0000000091800000| PB 0x0000000091800000| Complete 
| 281|0x0000000091900000, 0x0000000091a00000, 0x0000000091a00000|100%| E|CS|TAMS 0x0000000091900000| PB 0x0000000091900000| Complete 
| 282|0x0000000091a00000, 0x0000000091b00000, 0x0000000091b00000|100%| E|CS|TAMS 0x0000000091a00000| PB 0x0000000091a00000| Complete 
| 283|0x0000000091b00000, 0x0000000091c00000, 0x0000000091c00000|100%| E|CS|TAMS 0x0000000091b00000| PB 0x0000000091b00000| Complete 
| 284|0x0000000091c00000, 0x0000000091d00000, 0x0000000091d00000|100%| E|CS|TAMS 0x0000000091c00000| PB 0x0000000091c00000| Complete 
| 285|0x0000000091d00000, 0x0000000091e00000, 0x0000000091e00000|100%| E|CS|TAMS 0x0000000091d00000| PB 0x0000000091d00000| Complete 
| 286|0x0000000091e00000, 0x0000000091f00000, 0x0000000091f00000|100%| E|CS|TAMS 0x0000000091e00000| PB 0x0000000091e00000| Complete 
| 287|0x0000000091f00000, 0x0000000092000000, 0x0000000092000000|100%| E|CS|TAMS 0x0000000091f00000| PB 0x0000000091f00000| Complete 
| 288|0x0000000092000000, 0x0000000092100000, 0x0000000092100000|100%| E|CS|TAMS 0x0000000092000000| PB 0x0000000092000000| Complete 
| 289|0x0000000092100000, 0x0000000092200000, 0x0000000092200000|100%| E|CS|TAMS 0x0000000092100000| PB 0x0000000092100000| Complete 
| 290|0x0000000092200000, 0x0000000092300000, 0x0000000092300000|100%| E|CS|TAMS 0x0000000092200000| PB 0x0000000092200000| Complete 
| 449|0x000000009c100000, 0x000000009c200000, 0x000000009c200000|100%| E|CS|TAMS 0x000000009c100000| PB 0x000000009c100000| Complete 
| 501|0x000000009f500000, 0x000000009f600000, 0x000000009f600000|100%| E|CS|TAMS 0x000000009f500000| PB 0x000000009f500000| Complete 
|2026|0x00000000fea00000, 0x00000000feb00000, 0x00000000feb00000|100%| E|CS|TAMS 0x00000000fea00000| PB 0x00000000fea00000| Complete 
|2027|0x00000000feb00000, 0x00000000fec00000, 0x00000000fec00000|100%| E|CS|TAMS 0x00000000feb00000| PB 0x00000000feb00000| Complete 
|2028|0x00000000fec00000, 0x00000000fed00000, 0x00000000fed00000|100%| O|  |TAMS 0x00000000fec00000| PB 0x00000000fec00000| Untracked 
|2029|0x00000000fed00000, 0x00000000fee00000, 0x00000000fee00000|100%| O|  |TAMS 0x00000000fed00000| PB 0x00000000fed00000| Untracked 
|2030|0x00000000fee00000, 0x00000000fef00000, 0x00000000fef00000|100%| O|  |TAMS 0x00000000fee00000| PB 0x00000000fee00000| Untracked 
|2031|0x00000000fef00000, 0x00000000ff000000, 0x00000000ff000000|100%| O|Cm|TAMS 0x00000000fef00000| PB 0x00000000fef00000| Complete 
|2032|0x00000000ff000000, 0x00000000ff100000, 0x00000000ff100000|100%| E|CS|TAMS 0x00000000ff000000| PB 0x00000000ff000000| Complete 
|2033|0x00000000ff100000, 0x00000000ff200000, 0x00000000ff200000|100%| O|  |TAMS 0x00000000ff100000| PB 0x00000000ff100000| Untracked 
|2034|0x00000000ff200000, 0x00000000ff300000, 0x00000000ff300000|100%| O|  |TAMS 0x00000000ff200000| PB 0x00000000ff200000| Untracked 
|2035|0x00000000ff300000, 0x00000000ff400000, 0x00000000ff400000|100%| E|CS|TAMS 0x00000000ff300000| PB 0x00000000ff300000| Complete 
|2036|0x00000000ff400000, 0x00000000ff500000, 0x00000000ff500000|100%| O|  |TAMS 0x00000000ff400000| PB 0x00000000ff400000| Untracked 
|2037|0x00000000ff500000, 0x00000000ff600000, 0x00000000ff600000|100%| O|  |TAMS 0x00000000ff500000| PB 0x00000000ff500000| Untracked 
|2038|0x00000000ff600000, 0x00000000ff700000, 0x00000000ff700000|100%| O|  |TAMS 0x00000000ff600000| PB 0x00000000ff600000| Untracked 
|2039|0x00000000ff700000, 0x00000000ff800000, 0x00000000ff800000|100%| E|CS|TAMS 0x00000000ff700000| PB 0x00000000ff700000| Complete 
|2040|0x00000000ff800000, 0x00000000ff900000, 0x00000000ff900000|100%| O|  |TAMS 0x00000000ff800000| PB 0x00000000ff800000| Untracked 
|2041|0x00000000ff900000, 0x00000000ffa00000, 0x00000000ffa00000|100%| O|  |TAMS 0x00000000ff900000| PB 0x00000000ff900000| Untracked 
|2042|0x00000000ffa00000, 0x00000000ffb00000, 0x00000000ffb00000|100%| O|  |TAMS 0x00000000ffa00000| PB 0x00000000ffa00000| Untracked 
|2043|0x00000000ffb00000, 0x00000000ffc00000, 0x00000000ffc00000|100%| O|  |TAMS 0x00000000ffb00000| PB 0x00000000ffb00000| Untracked 
|2044|0x00000000ffc00000, 0x00000000ffd00000, 0x00000000ffd00000|100%| O|  |TAMS 0x00000000ffc00000| PB 0x00000000ffc00000| Untracked 
|2045|0x00000000ffd00000, 0x00000000ffe00000, 0x00000000ffe00000|100%| O|  |TAMS 0x00000000ffd00000| PB 0x00000000ffd00000| Untracked 
|2046|0x00000000ffe00000, 0x00000000fff00000, 0x00000000fff00000|100%| O|  |TAMS 0x00000000ffe00000| PB 0x00000000ffe00000| Untracked 
|2047|0x00000000fff00000, 0x0000000100000000, 0x0000000100000000|100%| O|  |TAMS 0x00000000fff00000| PB 0x00000000fff00000| Untracked 

Card table byte_map: [0x00000253e5610000,0x00000253e5a10000] _byte_map_base: 0x00000253e5210000

Marking Bits: (CMBitMap*) 0x00000253d2ba3b10
 Bits: [0x00000253e5a10000, 0x00000253e7a10000)

Polling page: 0x00000253d09b0000

Metaspace:

Usage:
  Non-class:    108.02 MB used.
      Class:     17.72 MB used.
       Both:    125.74 MB used.

Virtual space:
  Non-class space:      128.00 MB reserved,     109.19 MB ( 85%) committed,  2 nodes.
      Class space:        1.00 GB reserved,      18.75 MB (  2%) committed,  1 nodes.
             Both:        1.12 GB reserved,     127.94 MB ( 11%) committed. 

Chunk freelists:
   Non-Class:  2.28 MB
       Class:  13.16 MB
        Both:  15.44 MB

MaxMetaspaceSize: unlimited
CompressedClassSpaceSize: 1.00 GB
Initial GC threshold: 21.00 MB
Current GC threshold: 211.81 MB
CDS: off
 - commit_granule_bytes: 65536.
 - commit_granule_words: 8192.
 - virtual_space_node_default_size: 8388608.
 - enlarge_chunks_in_place: 1.
 - use_allocation_guard: 0.


Internal statistics:

num_allocs_failed_limit: 12.
num_arena_births: 4374.
num_arena_deaths: 8.
num_vsnodes_births: 3.
num_vsnodes_deaths: 0.
num_space_committed: 2045.
num_space_uncommitted: 0.
num_chunks_returned_to_freelist: 23.
num_chunks_taken_from_freelist: 9816.
num_chunk_merges: 15.
num_chunk_splits: 6487.
num_chunks_enlarged: 4196.
num_inconsistent_stats: 0.

CodeHeap 'non-profiled nmethods': size=120000Kb used=7277Kb max_used=7667Kb free=112722Kb
 bounds [0x00000253dd780000, 0x00000253ddf20000, 0x00000253e4cb0000]
CodeHeap 'profiled nmethods': size=120000Kb used=22013Kb max_used=22037Kb free=97986Kb
 bounds [0x00000253d5cb0000, 0x00000253d7280000, 0x00000253dd1e0000]
CodeHeap 'non-nmethods': size=5760Kb used=2267Kb max_used=2382Kb free=3492Kb
 bounds [0x00000253dd1e0000, 0x00000253dd450000, 0x00000253dd780000]
CodeCache: size=245760Kb, used=31557Kb, max_used=32086Kb, free=214200Kb
 total_blobs=12795, nmethods=11876, adapters=822, full_count=0
Compilation: enabled, stopped_count=0, restarted_count=0

Compilation events (20 events):
Event: 13.090 Thread 0x00000253ea8f23f0 nmethod 14434 0x00000253d719d090 code [0x00000253d719d260, 0x00000253d719d658]
Event: 13.090 Thread 0x00000253ea8f23f0 14446       3       com.android.tools.r8.graph.u9::a (42 bytes)
Event: 13.090 Thread 0x00000253ea8f23f0 nmethod 14446 0x00000253d5f13d10 code [0x00000253d5f13f00, 0x00000253d5f14178]
Event: 13.090 Thread 0x00000253ea8f23f0 14448       3       com.google.common.util.concurrent.AbstractFuture::getDoneValue (57 bytes)
Event: 13.090 Thread 0x00000253ea8f23f0 nmethod 14448 0x00000253d5e6b910 code [0x00000253d5e6bb40, 0x00000253d5e6c3e0]
Event: 13.090 Thread 0x00000253ea8f23f0 14467       3       com.android.tools.r8.internal.nv::a (1059 bytes)
Event: 13.093 Thread 0x00000253ea8f23f0 nmethod 14467 0x00000253d6d1a790 code [0x00000253d6d1afc0, 0x00000253d6d1f0d8]
Event: 13.093 Thread 0x00000253ea8f23f0 14450       3       com.android.tools.r8.internal.y81::<init> (77 bytes)
Event: 13.094 Thread 0x00000253ea8f23f0 nmethod 14450 0x00000253d69b2e90 code [0x00000253d69b3040, 0x00000253d69b32f0]
Event: 13.094 Thread 0x00000253ea8f23f0 14447       3       com.google.common.util.concurrent.FluentFuture$TrustedFuture::get (5 bytes)
Event: 13.094 Thread 0x00000253ea8f23f0 nmethod 14447 0x00000253d6cfd910 code [0x00000253d6cfdac0, 0x00000253d6cfdc00]
Event: 13.094 Thread 0x00000253ea8f23f0 14449       3       com.android.tools.r8.internal.u94$$Lambda/0x0000000101241dc0::accept (5 bytes)
Event: 13.094 Thread 0x00000253ea8f23f0 nmethod 14449 0x00000253d6dfe290 code [0x00000253d6dfe440, 0x00000253d6dfe5a0]
Event: 13.094 Thread 0x00000253ea8f23f0 14460       3       com.android.tools.r8.internal.nv::b (22 bytes)
Event: 13.094 Thread 0x00000253ea8f23f0 nmethod 14460 0x00000253d5df6810 code [0x00000253d5df69e0, 0x00000253d5df6db8]
Event: 13.094 Thread 0x00000253ea8f23f0 14456       3       com.android.tools.r8.graph.u9::d (185 bytes)
Event: 13.095 Thread 0x00000253ea8f23f0 nmethod 14456 0x00000253d7067810 code [0x00000253d7067b80, 0x00000253d7069570]
Event: 13.095 Thread 0x00000253ea8f23f0 14442       3       com.android.tools.r8.graph.q7$$Lambda/0x0000000101247bc0::accept (20 bytes)
Event: 13.095 Thread 0x00000253ea8f23f0 nmethod 14442 0x00000253d6754e90 code [0x00000253d6755080, 0x00000253d6755590]
Event: 13.095 Thread 0x00000253ea8f23f0 14477       3       com.android.tools.r8.graph.u9::a (1154 bytes)

GC Heap History (20 events):
Event: 10.456 GC heap before
{Heap before GC invocations=29 (full 0):
 garbage-first heap   total 171008K, used 165582K [0x0000000080000000, 0x0000000100000000)
  region size 1024K, 74 young (75776K), 8 survivors (8192K)
 Metaspace       used 114316K, committed 116416K, reserved 1179648K
  class space    used 16067K, committed 17088K, reserved 1048576K
}
Event: 10.464 GC heap after
{Heap after GC invocations=30 (full 0):
 garbage-first heap   total 182272K, used 95938K [0x0000000080000000, 0x0000000100000000)
  region size 1024K, 10 young (10240K), 10 survivors (10240K)
 Metaspace       used 114316K, committed 116416K, reserved 1179648K
  class space    used 16067K, committed 17088K, reserved 1048576K
}
Event: 10.860 GC heap before
{Heap before GC invocations=30 (full 0):
 garbage-first heap   total 182272K, used 162498K [0x0000000080000000, 0x0000000100000000)
  region size 1024K, 76 young (77824K), 10 survivors (10240K)
 Metaspace       used 115048K, committed 117120K, reserved 1179648K
  class space    used 16166K, committed 17152K, reserved 1048576K
}
Event: 10.867 GC heap after
{Heap after GC invocations=31 (full 0):
 garbage-first heap   total 182272K, used 100313K [0x0000000080000000, 0x0000000100000000)
  region size 1024K, 5 young (5120K), 5 survivors (5120K)
 Metaspace       used 115048K, committed 117120K, reserved 1179648K
  class space    used 16166K, committed 17152K, reserved 1048576K
}
Event: 11.341 GC heap before
{Heap before GC invocations=31 (full 0):
 garbage-first heap   total 182272K, used 164825K [0x0000000080000000, 0x0000000100000000)
  region size 1024K, 69 young (70656K), 5 survivors (5120K)
 Metaspace       used 118760K, committed 120896K, reserved 1179648K
  class space    used 16619K, committed 17664K, reserved 1048576K
}
Event: 11.347 GC heap after
{Heap after GC invocations=32 (full 0):
 garbage-first heap   total 182272K, used 104805K [0x0000000080000000, 0x0000000100000000)
  region size 1024K, 9 young (9216K), 9 survivors (9216K)
 Metaspace       used 118760K, committed 120896K, reserved 1179648K
  class space    used 16619K, committed 17664K, reserved 1048576K
}
Event: 11.559 GC heap before
{Heap before GC invocations=33 (full 0):
 garbage-first heap   total 182272K, used 166245K [0x0000000080000000, 0x0000000100000000)
  region size 1024K, 70 young (71680K), 9 survivors (9216K)
 Metaspace       used 120218K, committed 122432K, reserved 1179648K
  class space    used 16858K, committed 17920K, reserved 1048576K
}
Event: 11.566 GC heap after
{Heap after GC invocations=34 (full 0):
 garbage-first heap   total 186368K, used 113712K [0x0000000080000000, 0x0000000100000000)
  region size 1024K, 9 young (9216K), 9 survivors (9216K)
 Metaspace       used 120218K, committed 122432K, reserved 1179648K
  class space    used 16858K, committed 17920K, reserved 1048576K
}
Event: 11.599 GC heap before
{Heap before GC invocations=34 (full 0):
 garbage-first heap   total 186368K, used 166960K [0x0000000080000000, 0x0000000100000000)
  region size 1024K, 62 young (63488K), 9 survivors (9216K)
 Metaspace       used 120406K, committed 122560K, reserved 1179648K
  class space    used 16887K, committed 17920K, reserved 1048576K
}
Event: 11.605 GC heap after
{Heap after GC invocations=35 (full 0):
 garbage-first heap   total 191488K, used 125467K [0x0000000080000000, 0x0000000100000000)
  region size 1024K, 8 young (8192K), 8 survivors (8192K)
 Metaspace       used 120406K, committed 122560K, reserved 1179648K
  class space    used 16887K, committed 17920K, reserved 1048576K
}
Event: 11.631 GC heap before
{Heap before GC invocations=35 (full 0):
 garbage-first heap   total 191488K, used 170523K [0x0000000080000000, 0x0000000100000000)
  region size 1024K, 53 young (54272K), 8 survivors (8192K)
 Metaspace       used 120621K, committed 122816K, reserved 1179648K
  class space    used 16915K, committed 17984K, reserved 1048576K
}
Event: 11.650 GC heap after
{Heap after GC invocations=36 (full 0):
 garbage-first heap   total 305152K, used 137180K [0x0000000080000000, 0x0000000100000000)
  region size 1024K, 7 young (7168K), 7 survivors (7168K)
 Metaspace       used 120621K, committed 122816K, reserved 1179648K
  class space    used 16915K, committed 17984K, reserved 1048576K
}
Event: 12.378 GC heap before
{Heap before GC invocations=37 (full 0):
 garbage-first heap   total 305152K, used 256988K [0x0000000080000000, 0x0000000100000000)
  region size 1024K, 125 young (128000K), 7 survivors (7168K)
 Metaspace       used 124930K, committed 127104K, reserved 1179648K
  class space    used 17569K, committed 18624K, reserved 1048576K
}
Event: 12.414 GC heap after
{Heap after GC invocations=38 (full 0):
 garbage-first heap   total 305152K, used 157660K [0x0000000080000000, 0x0000000100000000)
  region size 1024K, 16 young (16384K), 16 survivors (16384K)
 Metaspace       used 124930K, committed 127104K, reserved 1179648K
  class space    used 17569K, committed 18624K, reserved 1048576K
}
Event: 12.640 GC heap before
{Heap before GC invocations=38 (full 0):
 garbage-first heap   total 305152K, used 252892K [0x0000000080000000, 0x0000000100000000)
  region size 1024K, 110 young (112640K), 16 survivors (16384K)
 Metaspace       used 125967K, committed 128192K, reserved 1179648K
  class space    used 17733K, committed 18816K, reserved 1048576K
}
Event: 12.657 GC heap after
{Heap after GC invocations=39 (full 0):
 garbage-first heap   total 305152K, used 176128K [0x0000000080000000, 0x0000000100000000)
  region size 1024K, 14 young (14336K), 14 survivors (14336K)
 Metaspace       used 125967K, committed 128192K, reserved 1179648K
  class space    used 17733K, committed 18816K, reserved 1048576K
}
Event: 12.873 GC heap before
{Heap before GC invocations=39 (full 0):
 garbage-first heap   total 305152K, used 261120K [0x0000000080000000, 0x0000000100000000)
  region size 1024K, 98 young (100352K), 14 survivors (14336K)
 Metaspace       used 127484K, committed 129728K, reserved 1179648K
  class space    used 17950K, committed 19008K, reserved 1048576K
}
Event: 12.889 GC heap after
{Heap after GC invocations=40 (full 0):
 garbage-first heap   total 305152K, used 193227K [0x0000000080000000, 0x0000000100000000)
  region size 1024K, 13 young (13312K), 13 survivors (13312K)
 Metaspace       used 127484K, committed 129728K, reserved 1179648K
  class space    used 17950K, committed 19008K, reserved 1048576K
}
Event: 13.106 GC heap before
{Heap before GC invocations=41 (full 0):
 garbage-first heap   total 322560K, used 269003K [0x0000000080000000, 0x0000000100000000)
  region size 1024K, 87 young (89088K), 13 survivors (13312K)
 Metaspace       used 128463K, committed 130752K, reserved 1179648K
  class space    used 18118K, committed 19200K, reserved 1048576K
}
Event: 13.122 GC heap after
{Heap after GC invocations=42 (full 0):
 garbage-first heap   total 322560K, used 211784K [0x0000000080000000, 0x0000000100000000)
  region size 1024K, 11 young (11264K), 11 survivors (11264K)
 Metaspace       used 128463K, committed 130752K, reserved 1179648K
  class space    used 18118K, committed 19200K, reserved 1048576K
}

Dll operation events (3 events):
Event: 0.009 Loaded shared library C:\Program Files\Android\Android Studio\jbr\bin\java.dll
Event: 0.015 Loaded shared library C:\Program Files\Android\Android Studio\jbr\bin\zip.dll
Event: 0.422 Loaded shared library C:\Program Files\Android\Android Studio\jbr\bin\verify.dll

Deoptimization events (20 events):
Event: 12.815 Thread 0x00000253f1e5e020 DEOPT UNPACKING pc=0x00000253dd2385e2 sp=0x000000e2e89f9118 mode 0
Event: 12.815 Thread 0x00000253f47d6c60 DEOPT UNPACKING pc=0x00000253dd2385e2 sp=0x000000e2e8ff94d8 mode 0
Event: 12.815 Thread 0x00000253f1e5a510 DEOPT PACKING pc=0x00000253d64ae609 sp=0x000000e2e88f9f40
Event: 12.815 Thread 0x00000253f1e5a510 DEOPT UNPACKING pc=0x00000253dd2385e2 sp=0x000000e2e88f9428 mode 0
Event: 12.823 Thread 0x00000253f47d6c60 DEOPT PACKING pc=0x00000253d64ae609 sp=0x000000e2e8ff9ff0
Event: 12.823 Thread 0x00000253f47d6c60 DEOPT UNPACKING pc=0x00000253dd2385e2 sp=0x000000e2e8ff94d8 mode 0
Event: 12.825 Thread 0x00000253f1e5e020 DEOPT PACKING pc=0x00000253d64ae609 sp=0x000000e2e89f9c30
Event: 12.825 Thread 0x00000253f1e5e020 DEOPT UNPACKING pc=0x00000253dd2385e2 sp=0x000000e2e89f9118 mode 0
Event: 12.963 Thread 0x00000253f47d6c60 DEOPT PACKING pc=0x00000253d5ddf95c sp=0x000000e2e8ffa6d0
Event: 12.963 Thread 0x00000253f47d6c60 DEOPT UNPACKING pc=0x00000253dd2385e2 sp=0x000000e2e8ff9a88 mode 0
Event: 12.965 Thread 0x00000253f1e5a510 DEOPT PACKING pc=0x00000253d7066a54 sp=0x000000e2e88fa590
Event: 12.965 Thread 0x00000253f1e5a510 DEOPT UNPACKING pc=0x00000253dd2385e2 sp=0x000000e2e88f99d0 mode 0
Event: 12.965 Thread 0x00000253f47d6c60 DEOPT PACKING pc=0x00000253d7066a54 sp=0x000000e2e8ffa640
Event: 12.966 Thread 0x00000253f1e5e020 DEOPT PACKING pc=0x00000253d5ddf95c sp=0x000000e2e89fa310
Event: 12.966 Thread 0x00000253f1e5e020 DEOPT UNPACKING pc=0x00000253dd2385e2 sp=0x000000e2e89f96c8 mode 0
Event: 12.974 Thread 0x00000253f47d6c60 DEOPT UNPACKING pc=0x00000253dd2385e2 sp=0x000000e2e8ff9a80 mode 0
Event: 13.088 Thread 0x00000253f1e5aba0 Uncommon trap: trap_request=0xffffff45 fr.pc=0x00000253dd8e4b08 relative=0x0000000000002948
Event: 13.088 Thread 0x00000253f1e5aba0 Uncommon trap: reason=unstable_if action=reinterpret pc=0x00000253dd8e4b08 method=com.android.tools.r8.internal.nv.a(Lcom/android/tools/r8/internal/f6;ILjava/lang/String;[C)I @ 22 c2
Event: 13.088 Thread 0x00000253f1e5aba0 DEOPT PACKING pc=0x00000253dd8e4b08 sp=0x000000e2e8af9680
Event: 13.088 Thread 0x00000253f1e5aba0 DEOPT UNPACKING pc=0x00000253dd237aa2 sp=0x000000e2e8af9638 mode 2

Classes loaded (20 events):
Event: 11.493 Loading class sun/rmi/transport/DGCImpl$1
Event: 11.493 Loading class sun/rmi/transport/DGCImpl$1 done
Event: 11.494 Loading class sun/rmi/transport/SequenceEntry
Event: 11.494 Loading class sun/rmi/transport/SequenceEntry done
Event: 11.496 Loading class java/util/zip/ZipFile$ZipEntryIterator
Event: 11.496 Loading class java/util/zip/ZipFile$ZipEntryIterator done
Event: 11.536 Loading class java/util/zip/ZipInputStream
Event: 11.537 Loading class java/util/zip/ZipInputStream done
Event: 11.662 Loading class java/io/UTFDataFormatException
Event: 11.662 Loading class java/io/UTFDataFormatException done
Event: 11.817 Loading class java/util/stream/IntPipeline$1
Event: 11.817 Loading class java/util/stream/IntPipeline$1 done
Event: 11.817 Loading class java/util/stream/IntPipeline$1$1
Event: 11.818 Loading class java/util/stream/Sink$ChainedInt
Event: 11.818 Loading class java/util/stream/Sink$ChainedInt done
Event: 11.818 Loading class java/util/stream/IntPipeline$1$1 done
Event: 11.830 Loading class java/util/concurrent/RejectedExecutionException
Event: 11.830 Loading class java/util/concurrent/RejectedExecutionException done
Event: 11.884 Loading class java/util/function/BooleanSupplier
Event: 11.884 Loading class java/util/function/BooleanSupplier done

Classes unloaded (4 events):
Event: 12.982 Thread 0x00000253ea7f6f10 Unloading class 0x0000000101221000 'java/lang/invoke/LambdaForm$DMH+0x0000000101221000'
Event: 12.982 Thread 0x00000253ea7f6f10 Unloading class 0x0000000101220800 'java/lang/invoke/LambdaForm$DMH+0x0000000101220800'
Event: 12.982 Thread 0x00000253ea7f6f10 Unloading class 0x0000000101220c00 'java/lang/invoke/LambdaForm$DMH+0x0000000101220c00'
Event: 12.982 Thread 0x00000253ea7f6f10 Unloading class 0x0000000101220400 'java/lang/invoke/LambdaForm$DMH+0x0000000101220400'

Classes redefined (0 events):
No events

Internal exceptions (20 events):
Event: 13.071 Thread 0x00000253f8015cf0 Exception <a 'sun/nio/fs/WindowsException'{0x000000008eea5ca0}> (0x000000008eea5ca0) 
thrown [s\src\hotspot\share\prims\jni.cpp, line 537]
Event: 13.071 Thread 0x00000253f8015cf0 Exception <a 'sun/nio/fs/WindowsException'{0x000000008ed00d08}> (0x000000008ed00d08) 
thrown [s\src\hotspot\share\prims\jni.cpp, line 537]
Event: 13.072 Thread 0x00000253f8015cf0 Exception <a 'sun/nio/fs/WindowsException'{0x000000008ed0d6b8}> (0x000000008ed0d6b8) 
thrown [s\src\hotspot\share\prims\jni.cpp, line 537]
Event: 13.073 Thread 0x00000253f8015cf0 Exception <a 'sun/nio/fs/WindowsException'{0x000000008ed19fb8}> (0x000000008ed19fb8) 
thrown [s\src\hotspot\share\prims\jni.cpp, line 537]
Event: 13.074 Thread 0x00000253f8015cf0 Exception <a 'sun/nio/fs/WindowsException'{0x000000008ecf7810}> (0x000000008ecf7810) 
thrown [s\src\hotspot\share\prims\jni.cpp, line 537]
Event: 13.074 Thread 0x00000253f1e5f3d0 Exception <a 'sun/nio/fs/WindowsException'{0x000000008f1c90e0}> (0x000000008f1c90e0) 
thrown [s\src\hotspot\share\prims\jni.cpp, line 537]
Event: 13.084 Thread 0x00000253f1e5a510 Exception <a 'sun/nio/fs/WindowsException'{0x000000008ea0fa78}> (0x000000008ea0fa78) 
thrown [s\src\hotspot\share\prims\jni.cpp, line 537]
Event: 13.084 Thread 0x00000253f8015cf0 Exception <a 'sun/nio/fs/WindowsException'{0x000000008e70fb60}> (0x000000008e70fb60) 
thrown [s\src\hotspot\share\prims\jni.cpp, line 537]
Event: 13.085 Thread 0x00000253f8015cf0 Exception <a 'sun/nio/fs/WindowsException'{0x000000008e71cd58}> (0x000000008e71cd58) 
thrown [s\src\hotspot\share\prims\jni.cpp, line 537]
Event: 13.087 Thread 0x00000253f1e5f3d0 Exception <a 'sun/nio/fs/WindowsException'{0x000000008e764448}> (0x000000008e764448) 
thrown [s\src\hotspot\share\prims\jni.cpp, line 537]
Event: 13.088 Thread 0x00000253f47d72f0 Exception <a 'sun/nio/fs/WindowsException'{0x000000008e619eb0}> (0x000000008e619eb0) 
thrown [s\src\hotspot\share\prims\jni.cpp, line 537]
Event: 13.088 Thread 0x00000253f47d72f0 Exception <a 'sun/nio/fs/WindowsException'{0x000000008e625fe0}> (0x000000008e625fe0) 
thrown [s\src\hotspot\share\prims\jni.cpp, line 537]
Event: 13.091 Thread 0x00000253f8015cf0 Exception <a 'sun/nio/fs/WindowsException'{0x000000008e7a93e0}> (0x000000008e7a93e0) 
thrown [s\src\hotspot\share\prims\jni.cpp, line 537]
Event: 13.092 Thread 0x00000253f8015cf0 Exception <a 'sun/nio/fs/WindowsException'{0x000000008e41d9d0}> (0x000000008e41d9d0) 
thrown [s\src\hotspot\share\prims\jni.cpp, line 537]
Event: 13.093 Thread 0x00000253f8015cf0 Exception <a 'sun/nio/fs/WindowsException'{0x000000008e42a700}> (0x000000008e42a700) 
thrown [s\src\hotspot\share\prims\jni.cpp, line 537]
Event: 13.094 Thread 0x00000253f8015cf0 Exception <a 'sun/nio/fs/WindowsException'{0x000000008e43b668}> (0x000000008e43b668) 
thrown [s\src\hotspot\share\prims\jni.cpp, line 537]
Event: 13.095 Thread 0x00000253f8015cf0 Exception <a 'sun/nio/fs/WindowsException'{0x000000008e3daaf0}> (0x000000008e3daaf0) 
thrown [s\src\hotspot\share\prims\jni.cpp, line 537]
Event: 13.123 Thread 0x00000253f8015cf0 Exception <a 'sun/nio/fs/WindowsException'{0x00000000ff788db8}> (0x00000000ff788db8) 
thrown [s\src\hotspot\share\prims\jni.cpp, line 537]
Event: 13.124 Thread 0x00000253f8015cf0 Exception <a 'sun/nio/fs/WindowsException'{0x00000000ff79d6d8}> (0x00000000ff79d6d8) 
thrown [s\src\hotspot\share\prims\jni.cpp, line 537]
Event: 13.127 Thread 0x00000253f1e5aba0 Exception <a 'sun/nio/fs/WindowsException'{0x00000000ff00f280}> (0x00000000ff00f280) 
thrown [s\src\hotspot\share\prims\jni.cpp, line 537]

ZGC Phase Switch (0 events):
No events

VM Operations (20 events):
Event: 12.640 Executing safepoint VM operation: G1CollectForAllocation (G1 Evacuation Pause)
Event: 12.657 Executing safepoint VM operation: G1CollectForAllocation (G1 Evacuation Pause) done
Event: 12.771 Executing non-safepoint VM operation: HandshakeAllThreads (Deoptimize)
Event: 12.772 Executing non-safepoint VM operation: HandshakeAllThreads (Deoptimize) done
Event: 12.846 Executing non-safepoint VM operation: HandshakeAllThreads (Deoptimize)
Event: 12.847 Executing non-safepoint VM operation: HandshakeAllThreads (Deoptimize) done
Event: 12.862 Executing safepoint VM operation: G1CollectForAllocation (G1 Evacuation Pause)
Event: 12.889 Executing safepoint VM operation: G1CollectForAllocation (G1 Evacuation Pause) done
Event: 12.965 Executing non-safepoint VM operation: HandshakeAllThreads (Deoptimize)
Event: 12.967 Executing non-safepoint VM operation: HandshakeAllThreads (Deoptimize) done
Event: 12.979 Executing safepoint VM operation: G1PauseRemark
Event: 12.999 Executing safepoint VM operation: G1PauseRemark done
Event: 13.033 Executing non-safepoint VM operation: HandshakeAllThreads (Deoptimize)
Event: 13.033 Executing non-safepoint VM operation: HandshakeAllThreads (Deoptimize) done
Event: 13.037 Executing non-safepoint VM operation: HandshakeAllThreads (Deoptimize)
Event: 13.038 Executing non-safepoint VM operation: HandshakeAllThreads (Deoptimize) done
Event: 13.044 Executing safepoint VM operation: G1PauseCleanup
Event: 13.049 Executing safepoint VM operation: G1PauseCleanup done
Event: 13.099 Executing safepoint VM operation: G1CollectForAllocation (G1 Evacuation Pause)
Event: 13.122 Executing safepoint VM operation: G1CollectForAllocation (G1 Evacuation Pause) done

Memory protections (0 events):
No events

Nmethod flushes (20 events):
Event: 12.992 Thread 0x00000253ea7f6f10 flushing  nmethod 0x00000253d6e82b90
Event: 12.992 Thread 0x00000253ea7f6f10 flushing  nmethod 0x00000253d6ef2710
Event: 12.992 Thread 0x00000253ea7f6f10 flushing  nmethod 0x00000253dd930910
Event: 12.992 Thread 0x00000253ea7f6f10 flushing  nmethod 0x00000253ddab7310
Event: 12.992 Thread 0x00000253ea7f6f10 flushing  nmethod 0x00000253d5cb1490
Event: 12.992 Thread 0x00000253ea7f6f10 flushing  nmethod 0x00000253d5f13d10
Event: 12.992 Thread 0x00000253ea7f6f10 flushing  nmethod 0x00000253d6007e90
Event: 12.992 Thread 0x00000253ea7f6f10 flushing  nmethod 0x00000253d626cc90
Event: 12.992 Thread 0x00000253ea7f6f10 flushing  nmethod 0x00000253d671c990
Event: 12.992 Thread 0x00000253ea7f6f10 flushing  nmethod 0x00000253d671f690
Event: 12.992 Thread 0x00000253ea7f6f10 flushing  nmethod 0x00000253d69b2310
Event: 12.992 Thread 0x00000253ea7f6f10 flushing  nmethod 0x00000253d69b2e90
Event: 12.992 Thread 0x00000253ea7f6f10 flushing  nmethod 0x00000253d6c7a590
Event: 12.992 Thread 0x00000253ea7f6f10 flushing  nmethod 0x00000253d6d1a010
Event: 12.992 Thread 0x00000253ea7f6f10 flushing  nmethod 0x00000253d701df10
Event: 12.992 Thread 0x00000253ea7f6f10 flushing  nmethod 0x00000253d672a710
Event: 12.992 Thread 0x00000253ea7f6f10 flushing  nmethod 0x00000253d6937e90
Event: 12.992 Thread 0x00000253ea7f6f10 flushing  nmethod 0x00000253d6d27010
Event: 12.992 Thread 0x00000253ea7f6f10 flushing  nmethod 0x00000253d6d90890
Event: 12.992 Thread 0x00000253ea7f6f10 flushing  nmethod 0x00000253d719d090

Events (20 events):
Event: 10.084 Thread 0x00000253f8013590 Thread added: 0x00000253f8015660
Event: 10.084 Thread 0x00000253f8013590 Thread added: 0x00000253f8016380
Event: 10.084 Thread 0x00000253f8013590 Thread added: 0x00000253f8014fd0
Event: 10.084 Thread 0x00000253f8013590 Thread added: 0x00000253f8015cf0
Event: 10.084 Thread 0x00000253f8013590 Thread added: 0x00000253f8013c20
Event: 10.084 Thread 0x00000253f8013590 Thread added: 0x00000253f8016a10
Event: 10.084 Thread 0x00000253f8013590 Thread added: 0x00000253f80142b0
Event: 10.084 Thread 0x00000253f8013590 Thread added: 0x00000253f8014940
Event: 10.084 Thread 0x00000253f8013590 Thread added: 0x00000253f6163520
Event: 10.084 Thread 0x00000253f8013590 Thread added: 0x00000253f61600a0
Event: 10.084 Thread 0x00000253f8013590 Thread added: 0x00000253f6163bb0
Event: 10.101 Thread 0x00000253f8015660 Thread added: 0x00000253f6162170
Event: 11.230 Thread 0x00000253f8015660 Thread added: 0x00000253f6162800
Event: 11.372 Thread 0x00000253f6162800 Thread added: 0x00000253f6164f60
Event: 11.378 Thread 0x00000253f6162800 Thread added: 0x00000253f6161ae0
Event: 11.379 Loaded shared library C:\Program Files\Android\Android Studio\jbr\bin\rmi.dll
Event: 11.380 Thread 0x00000253f6162800 Thread added: 0x00000253f6166310
Event: 11.446 Thread 0x00000253f6162800 Thread added: 0x00000253f6636560
Event: 11.446 Thread 0x00000253f6162800 Thread added: 0x00000253f66330e0
Event: 11.466 Thread 0x00000253f6636560 Thread added: 0x00000253f6634b20


Dynamic libraries:
0x00007ff7ab390000 - 0x00007ff7ab39a000 	C:\Program Files\Android\Android Studio\jbr\bin\java.exe
0x00007ffd92fa0000 - 0x00007ffd93207000 	C:\Windows\SYSTEM32\ntdll.dll
0x00007ffd925b0000 - 0x00007ffd92679000 	C:\Windows\System32\KERNEL32.DLL
0x00007ffd8fc80000 - 0x00007ffd90074000 	C:\Windows\System32\KERNELBASE.dll
0x00007ffd908f0000 - 0x00007ffd90a3b000 	C:\Windows\System32\ucrtbase.dll
0x00007ffd7c420000 - 0x00007ffd7c43b000 	C:\Program Files\Android\Android Studio\jbr\bin\VCRUNTIME140.dll
0x00007ffd7b3d0000 - 0x00007ffd7b3e8000 	C:\Program Files\Android\Android Studio\jbr\bin\jli.dll
0x00007ffd91da0000 - 0x00007ffd91f65000 	C:\Windows\System32\USER32.dll
0x00007ffd8f900000 - 0x00007ffd8f927000 	C:\Windows\System32\win32u.dll
0x00007ffd92060000 - 0x00007ffd9208b000 	C:\Windows\System32\GDI32.dll
0x00007ffd747c0000 - 0x00007ffd74a53000 	C:\Windows\WinSxS\amd64_microsoft.windows.common-controls_6595b64144ccf1df_6.0.26100.8115_none_3e075c82e3354f9c\COMCTL32.dll
0x00007ffd91070000 - 0x00007ffd91119000 	C:\Windows\System32\msvcrt.dll
0x00007ffd8fb50000 - 0x00007ffd8fc7b000 	C:\Windows\System32\gdi32full.dll
0x00007ffd90b00000 - 0x00007ffd90ba3000 	C:\Windows\System32\msvcp_win.dll
0x00007ffd90fe0000 - 0x00007ffd91012000 	C:\Windows\System32\IMM32.DLL
0x00007ffd84940000 - 0x00007ffd8494c000 	C:\Program Files\Android\Android Studio\jbr\bin\vcruntime140_1.dll
0x00007ffd27190000 - 0x00007ffd2721d000 	C:\Program Files\Android\Android Studio\jbr\bin\msvcp140.dll
0x00007ffcf5f20000 - 0x00007ffcf6bb6000 	C:\Program Files\Android\Android Studio\jbr\bin\server\jvm.dll
0x00007ffd921c0000 - 0x00007ffd92276000 	C:\Windows\System32\ADVAPI32.dll
0x00007ffd92090000 - 0x00007ffd92137000 	C:\Windows\System32\sechost.dll
0x00007ffd92280000 - 0x00007ffd92398000 	C:\Windows\System32\RPCRT4.dll
0x00007ffd91220000 - 0x00007ffd912a0000 	C:\Windows\System32\WS2_32.dll
0x00007ffd8f460000 - 0x00007ffd8f4be000 	C:\Windows\SYSTEM32\POWRPROF.dll
0x00007ffd896d0000 - 0x00007ffd896db000 	C:\Windows\SYSTEM32\VERSION.dll
0x00007ffd84590000 - 0x00007ffd845c6000 	C:\Windows\SYSTEM32\WINMM.dll
0x00007ffd8f440000 - 0x00007ffd8f454000 	C:\Windows\SYSTEM32\UMPDC.dll
0x00007ffd8e560000 - 0x00007ffd8e57b000 	C:\Windows\SYSTEM32\kernel.appcore.dll
0x00007ffd7c470000 - 0x00007ffd7c47a000 	C:\Program Files\Android\Android Studio\jbr\bin\jimage.dll
0x00007ffd797d0000 - 0x00007ffd79a12000 	C:\Windows\SYSTEM32\DBGHELP.DLL
0x00007ffd92b10000 - 0x00007ffd92e92000 	C:\Windows\System32\combase.dll
0x00007ffd91f80000 - 0x00007ffd92058000 	C:\Windows\System32\OLEAUT32.dll
0x00007ffd75c40000 - 0x00007ffd75c7b000 	C:\Windows\SYSTEM32\dbgcore.DLL
0x00007ffd8faa0000 - 0x00007ffd8fb45000 	C:\Windows\System32\bcryptPrimitives.dll
0x00007ffd7b9e0000 - 0x00007ffd7b9ee000 	C:\Program Files\Android\Android Studio\jbr\bin\instrument.dll
0x00007ffd7c400000 - 0x00007ffd7c420000 	C:\Program Files\Android\Android Studio\jbr\bin\java.dll
0x00007ffd7b630000 - 0x00007ffd7b648000 	C:\Program Files\Android\Android Studio\jbr\bin\zip.dll
0x00007ffd91630000 - 0x00007ffd91d97000 	C:\Windows\System32\SHELL32.dll
0x00007ffd8f930000 - 0x00007ffd8fa9a000 	C:\Windows\System32\wintypes.dll
0x00007ffd90080000 - 0x00007ffd908e8000 	C:\Windows\System32\windows.storage.dll
0x00007ffd90eb0000 - 0x00007ffd90fa8000 	C:\Windows\System32\SHCORE.dll
0x00007ffd911b0000 - 0x00007ffd91216000 	C:\Windows\System32\shlwapi.dll
0x00007ffd8f790000 - 0x00007ffd8f7b9000 	C:\Windows\SYSTEM32\profapi.dll
0x00007ffd7c160000 - 0x00007ffd7c170000 	C:\Program Files\Android\Android Studio\jbr\bin\net.dll
0x00007ffd89a70000 - 0x00007ffd89b9d000 	C:\Windows\SYSTEM32\WINHTTP.dll
0x00007ffd8eb10000 - 0x00007ffd8eb7c000 	C:\Windows\system32\mswsock.dll
0x00007ffd7b610000 - 0x00007ffd7b626000 	C:\Program Files\Android\Android Studio\jbr\bin\nio.dll
0x00007ffd7b4f0000 - 0x00007ffd7b500000 	C:\Program Files\Android\Android Studio\jbr\bin\verify.dll
0x00007ffd6a860000 - 0x00007ffd6a887000 	C:\Users\GeneralUser\.gradle\native\660c5614fbf4a5f2a75b1949f50a0caf5cd603558e7d8a26e50b933a0cfb79d1\windows-amd64\native-platform.dll
0x00007ffd225c0000 - 0x00007ffd22637000 	C:\Users\GeneralUser\.gradle\native\0.2.8\x86_64-windows-gnu\gradle-fileevents.dll
0x00007ffd7bb10000 - 0x00007ffd7bb19000 	C:\Program Files\Android\Android Studio\jbr\bin\management.dll
0x00007ffd7b7e0000 - 0x00007ffd7b7eb000 	C:\Program Files\Android\Android Studio\jbr\bin\management_ext.dll
0x00007ffd92480000 - 0x00007ffd92488000 	C:\Windows\System32\PSAPI.DLL
0x00007ffd8dfa0000 - 0x00007ffd8dfd2000 	C:\Windows\SYSTEM32\IPHLPAPI.DLL
0x00007ffd925a0000 - 0x00007ffd925aa000 	C:\Windows\System32\NSI.dll
0x00007ffd7c0a0000 - 0x00007ffd7c0a9000 	C:\Program Files\Android\Android Studio\jbr\bin\extnet.dll
0x00007ffd8ef10000 - 0x00007ffd8ef2b000 	C:\Windows\SYSTEM32\CRYPTSP.dll
0x00007ffd8e520000 - 0x00007ffd8e559000 	C:\Windows\system32\rsaenh.dll
0x00007ffd8ebc0000 - 0x00007ffd8ebf3000 	C:\Windows\SYSTEM32\USERENV.dll
0x00007ffd8f760000 - 0x00007ffd8f78a000 	C:\Windows\SYSTEM32\bcrypt.dll
0x00007ffd8ed70000 - 0x00007ffd8ed7c000 	C:\Windows\SYSTEM32\CRYPTBASE.dll
0x00007ffd79400000 - 0x00007ffd79408000 	C:\Windows\system32\wshunix.dll
0x00007ffd7c440000 - 0x00007ffd7c447000 	C:\Program Files\Android\Android Studio\jbr\bin\rmi.dll

JVMTI agents:
C:\Users\GeneralUser\.gradle\wrapper\dists\gradle-9.4.1-bin\arn2x92ynaizyzdaamcbpbhtj\gradle-9.4.1\lib\agents\gradle-instrumentation-agent-9.4.1.jar path:C:\Program Files\Android\Android Studio\jbr\bin\instrument.dll, loaded, initialized, instrumentlib options:none

dbghelp: loaded successfully - version: 4.0.5 - missing functions: none
symbol engine: initialized successfully - sym options: 0x614 - pdb path: .;C:\Program Files\Android\Android Studio\jbr\bin;C:\Windows\SYSTEM32;C:\Windows\WinSxS\amd64_microsoft.windows.common-controls_6595b64144ccf1df_6.0.26100.8115_none_3e075c82e3354f9c;C:\Program Files\Android\Android Studio\jbr\bin\server;C:\Users\GeneralUser\.gradle\native\660c5614fbf4a5f2a75b1949f50a0caf5cd603558e7d8a26e50b933a0cfb79d1\windows-amd64;C:\Users\GeneralUser\.gradle\native\0.2.8\x86_64-windows-gnu

VM Arguments:
jvm_args: --add-opens=java.base/java.lang=ALL-UNNAMED --add-opens=java.base/java.lang.invoke=ALL-UNNAMED --add-opens=java.base/java.util=ALL-UNNAMED --add-opens=java.prefs/java.util.prefs=ALL-UNNAMED --add-exports=jdk.compiler/com.sun.tools.javac.api=ALL-UNNAMED --add-exports=jdk.compiler/com.sun.tools.javac.util=ALL-UNNAMED --add-opens=java.base/java.util=ALL-UNNAMED --add-opens=java.prefs/java.util.prefs=ALL-UNNAMED --add-opens=java.base/java.nio.charset=ALL-UNNAMED --add-opens=java.base/java.net=ALL-UNNAMED --add-opens=java.base/java.util.concurrent=ALL-UNNAMED --add-opens=java.base/java.util.concurrent.atomic=ALL-UNNAMED --add-opens=java.xml/javax.xml.namespace=ALL-UNNAMED --add-opens=java.base/java.time=ALL-UNNAMED -Xmx2048m -Dfile.encoding=UTF-8 -Duser.country=US -Duser.language=en -Duser.variant -javaagent:C:\Users\GeneralUser\.gradle\wrapper\dists\gradle-9.4.1-bin\arn2x92ynaizyzdaamcbpbhtj\gradle-9.4.1\lib\agents\gradle-instrumentation-agent-9.4.1.jar 
java_command: org.gradle.launcher.daemon.bootstrap.GradleDaemon 9.4.1
java_class_path (initial): C:\Users\GeneralUser\.gradle\wrapper\dists\gradle-9.4.1-bin\arn2x92ynaizyzdaamcbpbhtj\gradle-9.4.1\lib\gradle-daemon-main-9.4.1.jar
Launcher Type: SUN_STANDARD

[Global flags]
     intx CICompilerCount                          = 4                                         {product} {ergonomic}
     uint ConcGCThreads                            = 3                                         {product} {ergonomic}
     uint G1ConcRefinementThreads                  = 10                                        {product} {ergonomic}
   size_t G1HeapRegionSize                         = 1048576                                   {product} {ergonomic}
    uintx GCDrainStackTargetSize                   = 64                                        {product} {ergonomic}
   size_t InitialHeapSize                          = 526385152                                 {product} {ergonomic}
   size_t MarkStackSize                            = 4194304                                   {product} {ergonomic}
   size_t MaxHeapSize                              = 2147483648                                {product} {command line}
   size_t MaxNewSize                               = 1287651328                                {product} {ergonomic}
   size_t MinHeapDeltaBytes                        = 1048576                                   {product} {ergonomic}
   size_t MinHeapSize                              = 8388608                                   {product} {ergonomic}
    uintx NonNMethodCodeHeapSize                   = 5839372                                {pd product} {ergonomic}
    uintx NonProfiledCodeHeapSize                  = 122909434                              {pd product} {ergonomic}
    uintx ProfiledCodeHeapSize                     = 122909434                              {pd product} {ergonomic}
    uintx ReservedCodeCacheSize                    = 251658240                              {pd product} {ergonomic}
     bool SegmentedCodeCache                       = true                                      {product} {ergonomic}
   size_t SoftMaxHeapSize                          = 2147483648                             {manageable} {ergonomic}
     bool UseCompressedOops                        = true                           {product lp64_product} {ergonomic}
     bool UseG1GC                                  = true                                      {product} {ergonomic}
     bool UseLargePagesIndividualAllocation        = false                                  {pd product} {ergonomic}

Logging:
Log output configuration:
 #0: stdout all=warning uptime,level,tags foldmultilines=false
 #1: stderr all=off uptime,level,tags foldmultilines=false

Release file:
JAVA_VERSION="21.0.10" 
MODULES="java.base java.compiler java.datatransfer java.xml java.prefs java.desktop java.instrument java.logging java.management java.security.sasl java.naming java.rmi java.management.rmi java.net.http java.scripting java.security.jgss java.transaction.xa java.sql java.sql.rowset java.xml.crypto java.se java.smartcardio jdk.accessibility jdk.internal.jvmstat jdk.attach jdk.charsets jdk.internal.opt jdk.zipfs jdk.compiler jdk.crypto.ec jdk.crypto.cryptoki jdk.dynalink jdk.hotspot.agent jdk.httpserver jdk.internal.ed jdk.internal.le jdk.internal.vm.ci jdk.jartool jdk.javadoc jdk.jcmd jdk.jdeps jdk.jdwp.agent jdk.jdi jdk.jfr jdk.jlink jdk.jsobject jdk.localedata jdk.management jdk.management.agent jdk.management.jfr jdk.naming.dns jdk.naming.rmi jdk.net jdk.sctp jdk.security.auth jdk.security.jgss jdk.unsupported jdk.unsupported.desktop jdk.xml.dom" 
IMPLEMENTOR="JetBrains s.r.o." 
JAVA_RUNTIME_VERSION="21.0.10+-14961533-b1163.108" 
LIBC="default" 
OS_ARCH="x86_64" 
OS_NAME="Windows" 
SOURCE=".:git:1351622c2ff2" 

Environment Variables:
JAVA_HOME=C:\Program Files\Android\Android Studio\jbr
PATH=C:\Program Files\Common Files\Oracle\Java\javapath;C:\Windows\system32;C:\Windows;C:\Windows\System32\Wbem;C:\Windows\System32\WindowsPowerShell\v1.0\;C:\Windows\System32\OpenSSH\;C:\Program Files\dotnet\;C:\Program Files\MATLAB\R2023b\runtime\win64;C:\Program Files\MATLAB\R2023b\bin;C:\Users\GeneralUser\Downloads\bin;C:\Program Files (x86)\Windows Kits\10\Windows Performance Toolkit\;C:\Users\GeneralUser\.local\bin;C:\Users\GeneralUser\AppData\Local\Microsoft\WindowsApps;C:\Users\GeneralUser\AppData\Local\Programs\Microsoft VS Code\bin
USERNAME=GeneralUser
OS=Windows_NT
PROCESSOR_IDENTIFIER=Intel64 Family 6 Model 143 Stepping 8, GenuineIntel
TMP=C:\Users\GENERA~1\AppData\Local\Temp
TEMP=C:\Users\GENERA~1\AppData\Local\Temp




Periodic native trim disabled

JNI global refs:
JNI global refs: 31, weak refs: 137

JNI global refs memory usage: 835, weak refs: 2097

Process memory usage:
Resident Set Size: 678380K (2% of 32768192K total physical memory with 5208224K free physical memory)

OOME stack traces (most recent first):
Classloader memory used:
Loader org.gradle.internal.classloader.VisitableURLClassLoader                         : 45701K
Loader org.gradle.internal.classloader.VisitableURLClassLoader$InstrumentingVisitableURLClassLoader: 41607K
Loader bootstrap                                                                       : 28939K
Loader org.gradle.initialization.MixInLegacyTypesClassLoader                           : 11677K
Loader jdk.internal.reflect.DelegatingClassLoader                                      : 358K
Loader org.gradle.internal.classloader.VisitableURLClassLoader                         : 210K
Loader jdk.internal.loader.ClassLoaders$AppClassLoader                                 : 192K
Loader jdk.internal.loader.ClassLoaders$PlatformClassLoader                            : 149K

Classes loaded by more than one classloader:
Class Program                                                                         : loaded 5 times (x 72B)
Class Build_gradle                                                                    : loaded 3 times (x 126B)
Class com.google.common.collect.RegularImmutableMap$KeySet                            : loaded 2 times (x 152B)
Class org.gradle.internal.classloader.FilteringClassLoader                            : loaded 2 times (x 105B)
Class com.google.common.base.CharMatcher$IsEither                                     : loaded 2 times (x 111B)
Class org.gradle.internal.classloader.ClassLoaderHierarchy                            : loaded 2 times (x 70B)
Class com.google.common.collect.ImmutableEnumSet                                      : loaded 2 times (x 146B)
Class com.google.common.util.concurrent.ExecutionError                                : loaded 2 times (x 82B)
Class com.google.common.collect.ImmutableList$1                                       : loaded 2 times (x 97B)
Class com.google.common.io.ByteArrayDataOutput                                        : loaded 2 times (x 70B)
Class com.google.common.collect.RegularImmutableMap                                   : loaded 2 times (x 121B)
Class com.google.common.collect.ImmutableMap$MapViewOfValuesAsSingletonSets           : loaded 2 times (x 126B)
Class [Lorg.objectweb.asm.Symbol;                                                     : loaded 2 times (x 69B)
Class org.objectweb.asm.ClassVisitor                                                  : loaded 2 times (x 88B)
Class com.google.common.collect.UnmodifiableListIterator                              : loaded 2 times (x 95B)
Class com.google.common.base.Platform$JdkPatternCompiler                              : loaded 2 times (x 75B)
Class org.objectweb.asm.MethodTooLargeException                                       : loaded 2 times (x 83B)
Class [Lcom.google.common.cache.CacheBuilder$OneWeigher;                              : loaded 2 times (x 69B)
Class com.google.common.base.Suppliers                                                : loaded 2 times (x 71B)
Class org.gradle.internal.classloader.DefaultClassLoaderFactory                       : loaded 2 times (x 82B)
Class [Lcom.google.common.collect.ImmutableMapEntry;                                  : loaded 2 times (x 69B)
Class com.google.common.collect.ListMultimap                                          : loaded 2 times (x 70B)
Class com.google.common.collect.ImmutableEnumMap                                      : loaded 2 times (x 126B)
Class com.google.common.collect.ImmutableSet$SerializedForm                           : loaded 2 times (x 73B)
Class com.google.common.collect.Sets$1                                                : loaded 2 times (x 139B)
Class org.objectweb.asm.AnnotationVisitor                                             : loaded 2 times (x 78B)
Class org.gradle.api.internal.DefaultClassPathProvider                                : loaded 2 times (x 76B)
Class com.google.common.collect.Sets$2                                                : loaded 2 times (x 139B)
Class [Lorg.gradle.api.internal.ClassPathProvider;                                    : loaded 2 times (x 69B)
Class org.gradle.api.internal.ClassPathProvider                                       : loaded 2 times (x 70B)
Class [Lorg.objectweb.asm.AnnotationVisitor;                                          : loaded 2 times (x 69B)
Class com.google.common.collect.Sets$3                                                : loaded 2 times (x 139B)
Class com.google.common.cache.LocalCache$LocalLoadingCache                            : loaded 2 times (x 134B)
Class org.gradle.internal.service.UnknownServiceException                             : loaded 2 times (x 83B)
Class com.google.common.io.ByteArrayDataInput                                         : loaded 2 times (x 70B)
Class com.google.common.collect.Sets$4                                                : loaded 2 times (x 139B)
Class org.objectweb.asm.ModuleVisitor                                                 : loaded 2 times (x 81B)
Class com.google.common.cache.LocalCache$Strength$1                                   : loaded 2 times (x 81B)
Class com.google.common.util.concurrent.SettableFuture                                : loaded 2 times (x 114B)
Class com.google.common.cache.LocalCache$Strength$2                                   : loaded 2 times (x 81B)
Class com.google.common.io.ByteStreams                                                : loaded 2 times (x 71B)
Class com.google.common.cache.LocalCache$Strength$3                                   : loaded 2 times (x 81B)
Class com.google.common.collect.MapDifference                                         : loaded 2 times (x 70B)
Class org.objectweb.asm.FieldWriter                                                   : loaded 2 times (x 78B)
Class com.google.common.cache.CacheBuilder$NullListener                               : loaded 2 times (x 82B)
Class org.gradle.internal.classpath.TransformedClassPath                              : loaded 2 times (x 96B)
Class org.gradle.internal.classloader.InstrumentingClassLoader                        : loaded 2 times (x 70B)
Class com.google.common.cache.CacheLoader$FunctionToCacheLoader                       : loaded 2 times (x 75B)
Class com.google.common.collect.Iterators$ArrayItr                                    : loaded 2 times (x 97B)
Class com.google.common.collect.ImmutableCollection$Builder                           : loaded 2 times (x 76B)
Class com.google.common.base.Joiner                                                   : loaded 2 times (x 79B)
Class com.google.common.base.MoreObjects                                              : loaded 2 times (x 71B)
Class com.google.common.base.Equivalence$Identity                                     : loaded 2 times (x 82B)
Class [Lorg.objectweb.asm.Type;                                                       : loaded 2 times (x 69B)
Class com.google.common.collect.UnmodifiableIterator                                  : loaded 2 times (x 80B)
Class org.gradle.internal.service.ServiceLocator                                      : loaded 2 times (x 70B)
Class com.google.common.collect.SingletonImmutableBiMap                               : loaded 2 times (x 143B)
Class com.google.common.base.Ascii                                                    : loaded 2 times (x 71B)
Class com.google.common.cache.LocalCache$1                                            : loaded 2 times (x 89B)
Class com.google.common.collect.Iterators$SingletonIterator                           : loaded 2 times (x 81B)
Class com.google.common.collect.AbstractMapEntry                                      : loaded 2 times (x 81B)
Class com.google.common.collect.Sets$ImprovedAbstractSet                              : loaded 2 times (x 135B)
Class com.google.common.collect.ImmutableList$Builder                                 : loaded 2 times (x 77B)
Class com.google.common.collect.AbstractMultimap                                      : loaded 2 times (x 123B)
Class com.google.common.cache.LocalCache$2                                            : loaded 2 times (x 142B)
Class com.google.common.collect.RegularImmutableAsList                                : loaded 2 times (x 217B)
Class com.google.common.util.concurrent.AbstractFuture$Trusted                        : loaded 2 times (x 70B)
Class com.google.common.collect.Iterators                                             : loaded 2 times (x 71B)
Class com.google.common.collect.Lists$StringAsImmutableList                           : loaded 2 times (x 207B)
Class com.google.common.util.concurrent.UncheckedExecutionException                   : loaded 2 times (x 82B)
Class org.gradle.kotlin.dsl.VersionCatalogAccessorsKt                                 : loaded 2 times (x 71B)
Class com.google.common.collect.AbstractMapBasedMultimap$KeySet$1                     : loaded 2 times (x 82B)
Class org.objectweb.asm.ClassWriter                                                   : loaded 2 times (x 106B)
Class com.google.common.base.CharMatcher$And                                          : loaded 2 times (x 112B)
Class com.google.common.cache.CacheLoader$UnsupportedLoadingOperationException        : loaded 2 times (x 82B)
Class com.google.common.base.Objects                                                  : loaded 2 times (x 71B)
Class org.objectweb.asm.FieldVisitor                                                  : loaded 2 times (x 77B)
Class com.google.common.collect.IndexedImmutableSet                                   : loaded 2 times (x 152B)
Class com.google.common.collect.ImmutableMap$1                                        : loaded 2 times (x 81B)
Class com.google.common.collect.BiMap                                                 : loaded 2 times (x 70B)
Class org.gradle.api.internal.classpath.DefaultModuleRegistry$DefaultModule           : loaded 2 times (x 82B)
Class com.google.common.primitives.Ints                                               : loaded 2 times (x 71B)
Class com.google.common.collect.AbstractIterator                                      : loaded 2 times (x 82B)
Class com.google.common.collect.ObjectArrays                                          : loaded 2 times (x 71B)
Class com.google.common.math.MathPreconditions                                        : loaded 2 times (x 71B)
Class com.google.common.collect.Multiset                                              : loaded 2 times (x 70B)
Class com.google.common.collect.ArrayListMultimapGwtSerializationDependencies         : loaded 2 times (x 172B)
Class com.google.common.collect.AbstractIndexedListIterator                           : loaded 2 times (x 96B)
Class com.google.common.collect.ImmutableMapEntrySet                                  : loaded 2 times (x 152B)
Class org.gradle.api.internal.classpath.Module                                        : loaded 2 times (x 70B)
Class com.google.common.cache.Weigher                                                 : loaded 2 times (x 70B)
Class org.gradle.api.internal.classpath.UnknownModuleException                        : loaded 2 times (x 82B)
Class com.google.common.base.Stopwatch                                                : loaded 2 times (x 72B)
Class com.google.common.cache.LocalCache$Strength                                     : loaded 2 times (x 81B)
Class com.google.common.cache.Cache                                                   : loaded 2 times (x 70B)
Class com.google.common.util.concurrent.AbstractFuture$Cancellation                   : loaded 2 times (x 72B)
Class com.google.common.collect.ImmutableMap$Builder                                  : loaded 2 times (x 82B)
Class com.google.common.cache.RemovalListener                                         : loaded 2 times (x 70B)
Class org.gradle.api.internal.DefaultClassPathRegistry                                : loaded 2 times (x 76B)
Class com.google.common.primitives.IntsMethodsForWeb                                  : loaded 2 times (x 71B)
Class com.google.common.collect.Multimap                                              : loaded 2 times (x 70B)
Class org.gradle.internal.classpath.DefaultClassPath$ImmutableUniqueList              : loaded 2 times (x 199B)
Class org.gradle.api.internal.ClassPathRegistry                                       : loaded 2 times (x 70B)
Class com.google.common.base.ExtraObjectsMethodsForWeb                                : loaded 2 times (x 71B)
Class com.google.common.collect.Platform                                              : loaded 2 times (x 71B)
Class com.google.common.cache.CacheBuilder                                            : loaded 2 times (x 72B)
Class com.google.common.collect.SingletonImmutableList                                : loaded 2 times (x 207B)
Class Settings_gradle$1                                                               : loaded 2 times (x 74B)
Class org.gradle.internal.classpath.ClassPath                                         : loaded 2 times (x 70B)
Class com.google.common.base.JdkPattern                                               : loaded 2 times (x 75B)
Class com.google.common.collect.ImmutableList$ReverseImmutableList                    : loaded 2 times (x 209B)
Class org.objectweb.asm.SymbolTable$Entry                                             : loaded 2 times (x 74B)
Class org.gradle.api.internal.classpath.DefaultModuleRegistry$DefaultModuleAlias      : loaded 2 times (x 80B)
Class org.objectweb.asm.Edge                                                          : loaded 2 times (x 72B)
Class com.google.common.base.Suppliers$SupplierOfInstance                             : loaded 2 times (x 79B)
Class com.google.common.collect.Iterators$1                                           : loaded 2 times (x 81B)
Class com.google.common.cache.LocalCache$ComputingValueReference                      : loaded 2 times (x 96B)
Class com.google.common.collect.SingletonImmutableSet                                 : loaded 2 times (x 146B)
Class com.google.common.collect.ImmutableMap$IteratorBasedImmutableMap                : loaded 2 times (x 126B)
Class com.google.common.cache.LocalCache$Segment                                      : loaded 2 times (x 154B)
Class com.google.common.collect.AbstractListMultimap                                  : loaded 2 times (x 172B)
Class [Lorg.objectweb.asm.SymbolTable$Entry;                                          : loaded 2 times (x 69B)
Class com.google.common.cache.CacheLoader                                             : loaded 2 times (x 74B)
Class com.google.common.collect.Iterators$4                                           : loaded 2 times (x 82B)
Class com.google.common.collect.ImmutableBiMap                                        : loaded 2 times (x 143B)
Class org.gradle.api.internal.classpath.ModuleRegistry                                : loaded 2 times (x 70B)
Class org.gradle.internal.installation.GradleInstallation$1                           : loaded 2 times (x 75B)
Class com.google.common.collect.ImmutableSet$JdkBackedSetBuilderImpl                  : loaded 2 times (x 76B)
Class com.google.common.util.concurrent.internal.InternalFutureFailureAccess          : loaded 2 times (x 72B)
Class com.google.common.collect.Iterators$5                                           : loaded 2 times (x 82B)
Class com.google.common.base.CharMatcher$ForPredicate                                 : loaded 2 times (x 112B)
Class com.google.common.cache.LocalCache$LocalManualCache$1                           : loaded 2 times (x 75B)
Class com.google.common.base.CharMatcher$AnyOf                                        : loaded 2 times (x 112B)
Class com.google.common.collect.ImmutableCollection                                   : loaded 2 times (x 125B)
Class org.gradle.api.internal.classpath.DefaultModuleRegistry                         : loaded 2 times (x 84B)
Class com.google.common.collect.Lists                                                 : loaded 2 times (x 71B)
Class com.google.common.util.concurrent.ListenableFuture                              : loaded 2 times (x 70B)
Class com.google.common.cache.ReferenceEntry                                          : loaded 2 times (x 70B)
Class com.google.common.base.Converter                                                : loaded 2 times (x 90B)
Class com.google.common.collect.ImmutableSet$CachingAsList                            : loaded 2 times (x 148B)
Class com.google.common.collect.AbstractMapBasedMultimap                              : loaded 2 times (x 139B)
Class com.google.common.util.concurrent.AbstractFuture                                : loaded 2 times (x 106B)
Class com.google.common.base.FunctionalEquivalence                                    : loaded 2 times (x 83B)
Class com.google.common.collect.Iterators$9                                           : loaded 2 times (x 81B)
Class com.google.common.collect.ImmutableAsList                                       : loaded 2 times (x 209B)
Class org.objectweb.asm.RecordComponentVisitor                                        : loaded 2 times (x 77B)
Class com.google.common.cache.CacheLoader$SupplierToCacheLoader                       : loaded 2 times (x 75B)
Class com.google.common.collect.Maps$EntryTransformer                                 : loaded 2 times (x 70B)
Class org.gradle.internal.service.ServiceLookupException                              : loaded 2 times (x 82B)
Class [Lcom.google.common.cache.LocalCache$EntryFactory;                              : loaded 2 times (x 69B)
Class org.gradle.internal.classloader.ClassLoaderFactory                              : loaded 2 times (x 70B)
Class com.google.common.base.CommonPattern                                            : loaded 2 times (x 74B)
Class com.google.common.base.CharMatcher$IsNot                                        : loaded 2 times (x 111B)
Class com.google.common.cache.LocalCache$LocalManualCache                             : loaded 2 times (x 99B)
Class org.gradle.internal.service.CachingServiceLocator                               : loaded 2 times (x 82B)
Class com.google.common.collect.AbstractMapBasedMultimap$KeySet                       : loaded 2 times (x 137B)
Class com.google.common.math.IntMath                                                  : loaded 2 times (x 71B)
Class com.google.common.collect.ImmutableMapEntry                                     : loaded 2 times (x 85B)
Class com.google.common.base.Equivalence                                              : loaded 2 times (x 82B)
Class com.google.common.base.Function                                                 : loaded 2 times (x 70B)
Class com.google.common.collect.ImmutableMapEntry$NonTerminalImmutableMapEntry        : loaded 2 times (x 85B)
Class com.google.common.collect.IndexedImmutableSet$1                                 : loaded 2 times (x 213B)
Class com.google.common.cache.CacheBuilder$OneWeigher                                 : loaded 2 times (x 82B)
Class com.google.common.collect.RegularImmutableList                                  : loaded 2 times (x 213B)
Class org.gradle.internal.classloader.ClasspathUtil                                   : loaded 2 times (x 71B)
Class com.google.common.util.concurrent.Uninterruptibles                              : loaded 2 times (x 71B)
Class com.google.common.util.concurrent.LazyLogger                                    : loaded 2 times (x 72B)
Class com.google.common.collect.Maps                                                  : loaded 2 times (x 71B)
Class org.gradle.api.specs.Spec                                                       : loaded 2 times (x 70B)
Class [Lcom.google.common.collect.ImmutableEntry;                                     : loaded 2 times (x 69B)
Class com.google.common.cache.LocalCache$LoadingValueReference                        : loaded 2 times (x 96B)
Class com.google.common.base.Platform                                                 : loaded 2 times (x 71B)
Class [Lorg.objectweb.asm.AnnotationWriter;                                           : loaded 2 times (x 69B)
Class com.google.common.collect.Maps$8                                                : loaded 2 times (x 82B)
Class com.google.common.collect.Sets$SetView                                          : loaded 2 times (x 138B)
Class com.google.common.cache.LocalCache$StrongValueReference                         : loaded 2 times (x 90B)
Class org.objectweb.asm.Type                                                          : loaded 2 times (x 72B)
Class org.gradle.internal.classloader.VisitableURLClassLoader$InstrumentingVisitableURLClassLoader: loaded 2 times (x 123B)
Class com.google.common.math.IntMath$1                                                : loaded 2 times (x 71B)
Class org.objectweb.asm.ByteVector                                                    : loaded 2 times (x 79B)
Class [Lcom.google.common.cache.CacheBuilder$NullListener;                            : loaded 2 times (x 69B)
Class org.gradle.internal.classloader.VisitableURLClassLoader$Spec                    : loaded 2 times (x 74B)
Class org.gradle.internal.classpath.DefaultClassPath                                  : loaded 2 times (x 90B)
Class org.objectweb.asm.Symbol                                                        : loaded 2 times (x 73B)
Class com.google.common.io.Closer                                                     : loaded 2 times (x 78B)
Class com.google.common.base.CharMatcher$BitSetMatcher                                : loaded 2 times (x 112B)
Class com.google.common.collect.RegularImmutableMap$Values                            : loaded 2 times (x 207B)
Class com.google.common.collect.ImmutableSet                                          : loaded 2 times (x 145B)
Class org.gradle.internal.classloader.ClassLoaderSpec                                 : loaded 2 times (x 71B)
Class org.objectweb.asm.AnnotationWriter                                              : loaded 2 times (x 79B)
Class com.google.common.cache.CacheStats                                              : loaded 2 times (x 71B)
Class com.google.common.io.Closer$Suppressor                                          : loaded 2 times (x 70B)
Class org.objectweb.asm.RecordComponentWriter                                         : loaded 2 times (x 78B)
Class com.google.common.util.concurrent.AbstractFuture$Listener                       : loaded 2 times (x 72B)
Class com.google.common.base.CharMatcher$Or                                           : loaded 2 times (x 112B)
Class Settings_gradle$1$1                                                             : loaded 2 times (x 74B)
Class org.gradle.api.internal.classpath.Module$ModuleAlias                            : loaded 2 times (x 70B)
Class org.objectweb.asm.Attribute                                                     : loaded 2 times (x 77B)
Class com.google.common.base.Supplier                                                 : loaded 2 times (x 70B)
Class org.gradle.internal.classloader.VisitableURLClassLoader                         : loaded 2 times (x 117B)
Class Settings_gradle                                                                 : loaded 2 times (x 124B)
Class org.gradle.internal.Cast                                                        : loaded 2 times (x 71B)
Class org.gradle.api.Action                                                           : loaded 2 times (x 70B)
Class com.google.common.base.Strings                                                  : loaded 2 times (x 71B)
Class com.google.common.collect.Sets                                                  : loaded 2 times (x 71B)
Class org.objectweb.asm.Handler                                                       : loaded 2 times (x 72B)
Class com.google.common.base.CharMatcher$FastMatcher                                  : loaded 2 times (x 111B)
Class com.google.common.base.Ticker                                                   : loaded 2 times (x 72B)
Class [Lcom.google.common.cache.LocalCache$Segment;                                   : loaded 2 times (x 69B)
Class com.google.common.base.Predicate                                                : loaded 2 times (x 70B)
Class [Lcom.google.common.cache.LocalCache$Strength;                                  : loaded 2 times (x 69B)
Class com.google.common.cache.CacheBuilder$1                                          : loaded 2 times (x 85B)
Class com.google.common.collect.ImmutableMap                                          : loaded 2 times (x 120B)
Class org.gradle.internal.classpath.DefaultClassPath$ImmutableUniqueList$Builder      : loaded 2 times (x 75B)
Class com.google.common.base.CharMatcher$NegatedFastMatcher                           : loaded 2 times (x 113B)
Class com.google.common.cache.LocalCache                                              : loaded 2 times (x 187B)
Class com.google.common.cache.CacheBuilder$2                                          : loaded 2 times (x 79B)
Class com.google.common.collect.ArrayListMultimap                                     : loaded 2 times (x 172B)
Class com.google.common.cache.CacheBuilder$3                                          : loaded 2 times (x 72B)
Class [Lcom.google.common.collect.AbstractMapEntry;                                   : loaded 2 times (x 69B)
Class com.google.common.collect.ImmutableEntry                                        : loaded 2 times (x 82B)
Class org.gradle.api.GradleException                                                  : loaded 2 times (x 82B)
Class com.google.common.base.Suppliers$MemoizingSupplier                              : loaded 2 times (x 79B)
Class com.google.common.collect.CollectPreconditions                                  : loaded 2 times (x 71B)
Class com.google.common.collect.SortedMapDifference                                   : loaded 2 times (x 70B)
Class com.google.common.cache.LocalCache$EntryFactory                                 : loaded 2 times (x 83B)
Class com.google.common.cache.LocalCache$AbstractReferenceEntry                       : loaded 2 times (x 107B)
Class org.gradle.internal.IoActions                                                   : loaded 2 times (x 71B)
Class org.objectweb.asm.SymbolTable                                                   : loaded 2 times (x 72B)
Class com.google.common.cache.CacheLoader$InvalidCacheLoadException                   : loaded 2 times (x 82B)
Class com.google.common.collect.ImmutableSet$RegularSetBuilderImpl                    : loaded 2 times (x 77B)
Class com.google.common.cache.LocalCache$StrongEntry                                  : loaded 2 times (x 108B)
Class com.google.common.util.concurrent.AbstractFuture$TrustedFuture                  : loaded 2 times (x 114B)
Class com.google.common.cache.LoadingCache                                            : loaded 2 times (x 70B)
Class com.google.common.io.ByteStreams$LimitedInputStream                             : loaded 2 times (x 92B)
Class com.google.common.base.Suppliers$NonSerializableMemoizingSupplier               : loaded 2 times (x 79B)
Class org.objectweb.asm.MethodWriter                                                  : loaded 2 times (x 106B)
Class [Lcom.google.common.cache.Weigher;                                              : loaded 2 times (x 69B)
Class com.google.common.collect.RegularImmutableMap$BucketOverflowException           : loaded 2 times (x 82B)
Class com.google.common.collect.RegularImmutableBiMap                                 : loaded 2 times (x 149B)
Class com.google.common.base.CharMatcher$Negated                                      : loaded 2 times (x 113B)
Class com.google.common.base.CharMatcher$Is                                           : loaded 2 times (x 111B)
Class com.google.common.cache.LocalCache$ValueReference                               : loaded 2 times (x 70B)
Class com.google.common.base.PatternCompiler                                          : loaded 2 times (x 70B)
Class com.google.common.util.concurrent.AbstractFuture$Failure                        : loaded 2 times (x 72B)
Class com.google.common.base.Equivalence$Equals                                       : loaded 2 times (x 82B)
Class com.google.common.collect.Hashing                                               : loaded 2 times (x 71B)
Class com.google.common.base.Preconditions                                            : loaded 2 times (x 71B)
Class com.google.common.base.Joiner$1                                                 : loaded 2 times (x 80B)
Class org.objectweb.asm.Label                                                         : loaded 2 times (x 73B)
Class org.objectweb.asm.CurrentFrame                                                  : loaded 2 times (x 73B)
Class org.objectweb.asm.ClassTooLargeException                                        : loaded 2 times (x 83B)
Class com.google.common.base.CharMatcher                                              : loaded 2 times (x 111B)
Class com.google.common.collect.PeekingIterator                                       : loaded 2 times (x 70B)
Class com.google.common.collect.Maps$IteratorBasedAbstractMap                         : loaded 2 times (x 125B)
Class com.google.common.base.Joiner$2                                                 : loaded 2 times (x 79B)
Class org.objectweb.asm.Frame                                                         : loaded 2 times (x 73B)
Class org.objectweb.asm.MethodVisitor                                                 : loaded 2 times (x 105B)
Class com.google.common.base.CharMatcher$1                                            : loaded 2 times (x 113B)
Class com.google.common.base.CharMatcher$NamedFastMatcher                             : loaded 2 times (x 112B)
Class com.google.common.cache.LocalCache$EntryFactory$1                               : loaded 2 times (x 83B)
Class [Lcom.google.common.cache.RemovalListener;                                      : loaded 2 times (x 69B)
Class com.google.common.cache.LocalCache$EntryFactory$2                               : loaded 2 times (x 83B)
Class org.objectweb.asm.ModuleWriter                                                  : loaded 2 times (x 82B)
Class com.google.common.cache.LocalCache$EntryFactory$3                               : loaded 2 times (x 83B)
Class com.google.common.base.Ticker$1                                                 : loaded 2 times (x 72B)
Class com.google.common.collect.Maps$BiMapConverter                                   : loaded 2 times (x 90B)
Class com.google.common.collect.ImmutableMapEntrySet$RegularEntrySet                  : loaded 2 times (x 152B)
Class com.google.common.collect.ImmutableSet$Builder                                  : loaded 2 times (x 85B)
Class com.google.common.base.CharMatcher$InRange                                      : loaded 2 times (x 111B)
Class com.google.common.cache.LocalCache$EntryFactory$4                               : loaded 2 times (x 83B)
Class com.google.common.io.ByteStreams$1                                              : loaded 2 times (x 85B)
Class com.google.common.cache.LocalCache$EntryFactory$5                               : loaded 2 times (x 83B)
Class com.google.common.base.PairwiseEquivalence                                      : loaded 2 times (x 83B)
Class com.google.common.cache.LocalCache$EntryFactory$6                               : loaded 2 times (x 83B)
Class org.gradle.internal.installation.CurrentGradleInstallationLocator               : loaded 2 times (x 71B)
Class com.google.common.collect.Maps$KeySet                                           : loaded 2 times (x 137B)
Class com.google.common.collect.ImmutableSet$EmptySetBuilderImpl                      : loaded 2 times (x 76B)
Class com.google.common.cache.LocalCache$EntryFactory$7                               : loaded 2 times (x 83B)
Class com.google.common.collect.ImmutableList                                         : loaded 2 times (x 206B)
Class org.gradle.internal.service.DefaultServiceLocator                               : loaded 2 times (x 83B)
Class com.google.common.cache.LocalCache$EntryFactory$8                               : loaded 2 times (x 83B)
Class com.google.common.collect.ImmutableSet$SetBuilderImpl                           : loaded 2 times (x 76B)
Class org.gradle.internal.installation.CurrentGradleInstallation                      : loaded 2 times (x 73B)
Class com.google.common.cache.CacheLoader$1                                           : loaded 2 times (x 75B)
Class com.google.common.collect.ImmutableList$SubList                                 : loaded 2 times (x 209B)
Class org.gradle.util.internal.GUtil                                                  : loaded 2 times (x 71B)
Class com.google.common.cache.AbstractCache$StatsCounter                              : loaded 2 times (x 70B)
Class com.google.common.collect.Iterators$MergingIterator                             : loaded 2 times (x 81B)
Class com.google.common.collect.RegularImmutableSet                                   : loaded 2 times (x 149B)
Class org.gradle.internal.installation.GradleInstallation                             : loaded 2 times (x 75B)
Class com.google.common.collect.Iterables                                             : loaded 2 times (x 71B)

---------------  S Y S T E M  ---------------

OS:
 Windows 11 , 64 bit Build 26100 (10.0.26100.8246)
OS uptime: 8 days 5:45 hours
Hyper-V role detected

CPU: total 12 (initial active 12) (6 cores per cpu, 2 threads per core) family 6 model 143 stepping 8 microcode 0x2b000666, cx8, cmov, fxsr, ht, mmx, 3dnowpref, sse, sse2, sse3, ssse3, sse4.1, sse4.2, popcnt, lzcnt, tsc, tscinvbit, avx, avx2, aes, erms, clmul, bmi1, bmi2, rtm, adx, avx512f, avx512dq, avx512cd, avx512bw, avx512vl, sha, fma, vzeroupper, avx512_vpopcntdq, avx512_vpclmulqdq, avx512_vaes, avx512_vnni, clflush, clflushopt, clwb, avx512_vbmi2, avx512_vbmi, hv, serialize, rdtscp, rdpid, fsrm, gfni, avx512_bitalg, f16c, cet_ibt, cet_ss, avx512_ifma
Processor Information for the first 12 processors :
  Max Mhz: 2112, Current Mhz: 2112, Mhz Limit: 2112

Memory: 4k page, system-wide physical 32000M (5083M free)
TotalPageFile size 49757M (AvailPageFile size 5M)
current process WorkingSet (physical memory assigned to process): 665M, peak: 665M
current process commit charge ("private bytes"): 708M, peak: 709M

vm_info: OpenJDK 64-Bit Server VM (21.0.10+-14961533-b1163.108) for windows-amd64 JRE (21.0.10+-14961533-b1163.108), built on 2026-03-02T19:58:50Z by "builder" with MS VC++ 16.10 / 16.11 (VS2019)

END.
